AU01_r_max,AU02_r_max,AU04_r_max,AU05_r_max,AU06_r_max,AU07_r_max,AU09_r_max,AU10_r_max,AU12_r_max,AU14_r_max,AU15_r_max,AU17_r_max,AU20_r_max,AU23_r_max,AU25_r_max,AU26_r_max,AU45_r_max,AU01_r_min,AU02_r_min,AU04_r_min,AU05_r_min,AU06_r_min,AU07_r_min,AU09_r_min,AU10_r_min,AU12_r_min,AU14_r_min,AU15_r_min,AU17_r_min,AU20_r_min,AU23_r_min,AU25_r_min,AU26_r_min,AU45_r_min,AU01_r_mean,AU02_r_mean,AU04_r_mean,AU05_r_mean,AU06_r_mean,AU07_r_mean,AU09_r_mean,AU10_r_mean,AU12_r_mean,AU14_r_mean,AU15_r_mean,AU17_r_mean,AU20_r_mean,AU23_r_mean,AU25_r_mean,AU26_r_mean,AU45_r_mean,AU01_r_sd,AU02_r_sd,AU04_r_sd,AU05_r_sd,AU06_r_sd,AU07_r_sd,AU09_r_sd,AU10_r_sd,AU12_r_sd,AU14_r_sd,AU15_r_sd,AU17_r_sd,AU20_r_sd,AU23_r_sd,AU25_r_sd,AU26_r_sd,AU45_r_sd,type
1.83,1.21,0.7,0.74,0.84,0.96,2.66,0.82,0.19,0.7,0.0,0.94,0.28,1.58,1.69,0.54,0.0,0.8,0.18,0.25,0.13,0.43,0.0,1.34,0.0,0.0,0.0,0.0,0.26,0.0,0.23,0.0,0.0,0.0,1.5064516129032262,0.9880645161290323,0.4890322580645161,0.42677419354838714,0.5935483870967743,0.40064516129032257,1.757741935483871,0.23322580645161295,0.04290322580645162,0.37354838709677424,0.0,0.6190322580645161,0.00903225806451613,1.319032258064516,0.055161290322580644,0.21129032258064512,0.0,0.22942752504290287,0.21644736627085903,0.11992650078859904,0.17369296851579216,0.08735171767426879,0.30124116013443414,0.27582252358378756,0.16013300923033105,0.054172166800987194,0.1888835335525885,0.0,0.12251135562903756,0.05028948456749697,0.22956995794615168,0.30343446264107776,0.15545078396894352,0.0,up
1.75,1.53,0.81,1.13,1.03,0.77,2.36,0.61,0.47,0.87,0.0,1.09,0.0,1.66,0.6,0.49,0.0,0.21,0.0,0.18,0.18,0.22,0.0,1.08,0.0,0.0,0.0,0.0,0.43,0.0,0.89,0.0,0.0,0.0,1.2156666666666667,1.0793333333333335,0.4706666666666667,0.7183333333333334,0.6153333333333334,0.30366666666666664,1.77,0.23566666666666666,0.18999999999999997,0.26033333333333336,0.0,0.7333333333333333,0.0,1.3066666666666664,0.024000000000000004,0.029666666666666668,0.0,0.35687999850556673,0.3351369594795468,0.15576138544389717,0.268162114289528,0.1686198199446344,0.23156861399703058,0.32160159546696365,0.1860419554708085,0.15348817768693188,0.252470323736902,0.0,0.1846400661367638,0.0,0.18019784784457357,0.10956339685786712,0.09510369416420249,0.0,up
1.22,1.44,0.87,1.51,1.68,1.04,2.52,0.62,0.31,1.27,0.0,1.72,1.27,1.5,0.0,0.03,0.88,0.0,0.0,0.05,0.0,0.26,0.0,1.41,0.0,0.0,0.0,0.0,0.09,0.0,0.03,0.0,0.0,0.0,0.7986206896551724,0.8734482758620689,0.4131034482758621,0.7244827586206896,0.5348275862068965,0.6365517241379309,1.9127586206896552,0.2258620689655172,0.08344827586206896,0.19758620689655174,0.0,0.7406896551724137,0.04379310344827586,1.2672413793103448,0.0,0.0010344827586206897,0.030344827586206897,0.322177015872719,0.2794161752919439,0.21389422366266966,0.3477641463374747,0.24871987527071457,0.2588611853880234,0.36856765759708354,0.17741229707297448,0.10698050096259083,0.3015395635308644,0.0,0.2578195802505914,0.23583307948485588,0.2813093943853602,0.0,0.005570860145311557,0.16341189759580566,up
1.2,1.39,0.65,1.19,0.78,0.63,2.76,0.36,0.29,0.22,0.0,0.92,0.38,1.51,0.71,0.0,0.0,0.0,0.01,0.0,0.08,0.34,0.0,1.88,0.0,0.0,0.0,0.0,0.4,0.0,0.59,0.0,0.0,0.0,0.5403333333333333,0.8196666666666665,0.263,0.6166666666666666,0.5173333333333333,0.2606666666666667,2.2969999999999993,0.08433333333333333,0.03133333333333334,0.013666666666666666,0.0,0.618,0.012666666666666666,1.1483333333333334,0.074,0.0,0.0,0.36630949165720633,0.3376846451057997,0.17090327976514308,0.24581087955122555,0.10530524869302028,0.17439418950565222,0.23356531981587,0.11524137587101117,0.08054698065076073,0.04483558726120883,0.0,0.12863742148728166,0.06937819061732103,0.21148218044005068,0.19517631286467188,0.0,0.0,up
1.42,1.3,0.62,1.12,0.69,1.18,2.24,0.57,0.25,0.87,0.0,1.04,0.0,1.58,0.87,0.02,0.0,0.1,0.05,0.0,0.0,0.05,0.0,1.34,0.0,0.0,0.0,0.0,0.53,0.0,0.67,0.0,0.0,0.0,0.7949999999999999,0.8323333333333333,0.30533333333333335,0.5923333333333335,0.3363333333333333,0.5586666666666666,1.6823333333333332,0.15766666666666665,0.034333333333333334,0.21933333333333332,0.0,0.7603333333333332,0.0,1.3243333333333334,0.05533333333333334,0.0006666666666666666,0.0,0.31178850037407935,0.2658711553823916,0.1598648854789425,0.28286323408213077,0.16089155339551853,0.3605238844575596,0.20009796451313255,0.17924522469151763,0.0660033088686408,0.2142337320638909,0.0,0.16443179769118266,0.0,0.2184693355478353,0.18356119590937015,0.0036514837167011083,0.0,up
1.69,1.2,1.27,0.73,0.0,0.0,0.9,0.15,0.0,1.18,0.0,1.16,0.0,1.4,0.48,0.79,0.0,0.93,0.46,0.63,0.0,0.0,0.0,0.3,0.0,0.0,0.61,0.0,0.42,0.0,0.0,0.0,0.0,0.0,1.4153333333333333,0.9070000000000001,0.8493333333333333,0.21,0.0,0.0,0.6213333333333334,0.005,0.0,0.8923333333333332,0.0,0.8316666666666667,0.0,0.8103333333333332,0.025,0.317,0.0,0.18244948915235146,0.15532280068873694,0.12955982064836608,0.21959209834411714,0.0,0.0,0.13166659391821067,0.027386127875258303,0.0,0.14924368717275632,0.0,0.15391630805427173,0.0,0.3386126190016055,0.09905588809110359,0.24124890566126644,0.0,up
1.57,1.02,1.23,1.39,0.43,0.09,1.26,1.5,0.46,1.23,0.17,1.28,0.09,1.21,0.51,0.93,0.0,0.85,0.11,0.07,0.0,0.0,0.0,0.0,0.0,0.0,0.21,0.0,0.36,0.0,0.0,0.0,0.0,0.0,1.1248275862068966,0.5465517241379311,0.9027586206896553,0.3220689655172414,0.028620689655172418,0.003103448275862069,0.5462068965517242,0.1675862068965517,0.019310344827586208,0.8148275862068965,0.0058620689655172415,0.7296551724137931,0.003103448275862069,0.3665517241379311,0.0903448275862069,0.22068965517241382,0.0,0.16781411250154085,0.17149085485964727,0.22113177312124066,0.40237135752884534,0.09818801708715473,0.016712580435934668,0.3522115211985897,0.35372159323010144,0.08676450206008209,0.22799781780997022,0.03156820749009882,0.18311750245247857,0.016712580435934668,0.3156770033489132,0.15753645289312496,0.29445992978044644,0.0,up
2.03,1.1,0.62,0.24,0.0,0.0,1.09,0.23,0.0,1.45,0.0,1.42,0.0,1.13,0.0,0.46,0.0,1.4,0.75,0.13,0.0,0.0,0.0,0.58,0.0,0.0,0.89,0.0,0.77,0.0,0.49,0.0,0.0,0.0,1.6941176470588233,0.9358823529411765,0.45823529411764713,0.06999999999999999,0.0,0.0,0.8794117647058823,0.04882352941176471,0.0,1.2776470588235294,0.0,0.998235294117647,0.0,0.7888235294117647,0.0,0.19647058823529412,0.0,0.21479812684033736,0.1009367886061254,0.13394193210668043,0.08746427842267951,0.0,0.0,0.1411324992797236,0.06945163361480208,0.0,0.14809327346999535,0.0,0.17429268824730024,0.0,0.19364537023064793,0.0,0.1526409666697717,0.0,up
2.31,2.34,1.33,0.96,1.39,1.61,2.58,1.14,0.82,1.88,0.0,1.77,1.23,1.55,0.51,0.76,0.38,0.0,0.0,0.0,0.0,0.04,0.0,1.26,0.0,0.0,0.0,0.0,0.87,0.0,0.58,0.0,0.0,0.0,1.535,1.2663333333333333,1.0016666666666667,0.20666666666666667,0.5416666666666666,0.5996666666666666,1.7496666666666663,0.4126666666666666,0.24933333333333332,0.5830000000000001,0.0,1.2073333333333334,0.041,1.2180000000000002,0.017,0.2513333333333333,0.012666666666666666,0.49497300518520093,0.4187459383916938,0.2581643867281323,0.2393285626905828,0.2712434119121553,0.44328307553692065,0.30220435348347946,0.2817302859526971,0.21927676313411487,0.41712604561575206,0.0,0.23026122097534676,0.22456624857711815,0.2443485356955341,0.09311283477587823,0.25345520359599066,0.06937819061732102,up
1.87,1.32,0.9,0.86,0.7,1.07,2.23,0.73,0.04,1.3,0.0,0.82,0.0,1.32,1.27,0.39,0.0,0.7,0.14,0.34,0.0,0.0,0.05,1.45,0.0,0.0,0.72,0.0,0.34,0.0,0.15,0.0,0.0,0.0,1.4450000000000003,0.8266666666666667,0.6173333333333333,0.21533333333333335,0.3473333333333333,0.5223333333333333,1.8796666666666664,0.08566666666666668,0.0013333333333333333,0.9939999999999999,0.0,0.6143333333333333,0.0,0.859,0.07766666666666668,0.11499999999999999,0.0,0.32634601903184146,0.2979392825593061,0.13756336053222723,0.22852953228507858,0.15600471551965286,0.2713781346277238,0.19063384895609722,0.15891188912648144,0.0073029674334022165,0.14286719176479468,0.0,0.11190153717884534,0.0,0.27350029943878207,0.2632644315503715,0.13114219710706757,0.0,up
1.6,1.31,0.85,0.95,0.7,0.89,1.98,1.08,0.07,1.54,0.0,1.09,0.47,1.36,1.35,0.0,0.0,0.0,0.0,0.0,0.06,0.12,0.09,1.21,0.0,0.0,0.89,0.0,0.49,0.0,0.0,0.0,0.0,0.0,0.8448275862068965,0.4289655172413794,0.42068965517241386,0.526896551724138,0.40068965517241384,0.4858620689655172,1.6206896551724137,0.3217241379310345,0.002413793103448276,1.250344827586207,0.0,0.6862068965517241,0.03103448275862069,0.8951724137931035,0.1789655172413793,0.0,0.0,0.47605987535824573,0.40435437805740054,0.21797658842969414,0.2594238595739724,0.1495452878008808,0.20819834707350088,0.19294579243335158,0.3066182941788098,0.012998673672393634,0.1724297529559023,0.0,0.14341283547615377,0.10167682793980874,0.3460348938810236,0.32955971524342903,0.0,0.0,up
0.92,0.63,1.42,3.44,0.99,1.66,1.2,2.19,1.05,2.13,2.73,4.75,1.06,1.68,0.77,1.09,1.01,0.0,0.0,0.0,0.14,0.0,0.0,0.22,0.0,0.0,0.44,0.0,0.31,0.0,0.0,0.0,0.0,0.0,0.41333333333333333,0.10285714285714287,0.7866666666666666,0.8223809523809523,0.3123809523809524,0.27380952380952384,0.7671428571428572,0.45000000000000007,0.27285714285714285,1.5647619047619048,0.27380952380952384,1.081904761904762,0.17333333333333334,0.7504761904761905,0.16476190476190475,0.479047619047619,0.13333333333333333,0.28620505469563834,0.17771164444523205,0.41022351630950327,0.8751394446709894,0.36901090447173457,0.5458340058156527,0.29058807369096995,0.6478271374371407,0.3645701970422549,0.38440368166315797,0.8102436435448056,1.1833073102437044,0.3427584183259885,0.3996558042925961,0.26863765647464705,0.3306040647346122,0.33532571230571234,up
1.2,0.0,1.67,0.87,0.0,0.0,0.0,0.18,0.0,0.52,0.76,0.16,1.18,0.75,0.0,0.0,0.0,0.61,0.0,0.79,0.0,0.0,0.0,0.0,0.0,0.0,0.0,0.33,0.0,0.32,0.23,0.0,0.0,0.0,0.8961290322580644,0.0,1.0638709677419353,0.4364516129032257,0.0,0.0,0.0,0.013225806451612905,0.0,0.18258064516129036,0.5129032258064516,0.01032258064516129,0.7335483870967742,0.4622580645161291,0.0,0.0,0.0,0.15656047648017338,0.0,0.21584990802800663,0.27784346176815433,0.0,0.0,0.0,0.03893473999521024,0.0,0.16062311460756998,0.11045945103331196,0.03167374001363927,0.2135189045041332,0.12737633682437133,0.0,0.0,0.0,up
1.23,0.0,1.96,0.89,0.0,0.0,0.0,0.0,0.0,0.07,0.59,0.0,0.85,0.57,0.0,0.0,0.0,0.62,0.0,1.1,0.0,0.0,0.0,0.0,0.0,0.0,0.0,0.24,0.0,0.27,0.13,0.0,0.0,0.0,0.9932258064516128,0.0,1.5758064516129031,0.4025806451612902,0.0,0.0,0.0,0.0,0.0,0.0064516129032258064,0.43999999999999995,0.0,0.5138709677419355,0.37741935483870964,0.0,0.0,0.0,0.14572547470670535,0.0,0.21955673820295876,0.25705988591422924,0.0,0.0,0.0,0.0,0.0,0.0183572668802256,0.09018499505645788,0.0,0.1528109380761041,0.11969315608213874,0.0,0.0,0.0,up
1.34,0.0,2.12,0.78,0.0,0.0,0.0,0.0,0.01,0.15,0.65,0.1,0.73,0.53,0.0,0.0,2.41,0.41,0.0,1.45,0.0,0.0,0.0,0.0,0.0,0.0,0.0,0.34,0.0,0.33,0.18,0.0,0.0,0.0,0.8538709677419355,0.0,1.7164516129032257,0.21838709677419357,0.0,0.0,0.0,0.0,0.0003225806451612903,0.013870967741935481,0.47580645161290325,0.005806451612903225,0.5006451612903225,0.37483870967741933,0.0,0.0,0.10838709677419356,0.2167591200596466,0.0,0.16104964839238808,0.2445008080994628,0.0,0.0,0.0,0.0,0.0017960530202677492,0.03313381146752652,0.08377645626102787,0.021567598158408384,0.12664742355244785,0.09161044219017594,0.0,0.0,0.44815247981160417,up
1.24,0.0,1.69,0.73,0.0,0.0,0.0,0.0,0.0,0.0,0.78,0.0,0.66,0.47,0.0,0.0,0.0,0.75,0.0,0.81,0.0,0.0,0.0,0.0,0.0,0.0,0.0,0.38,0.0,0.25,0.0,0.0,0.0,0.0,0.9990909090909089,0.0,1.3281818181818184,0.41727272727272735,0.0,0.0,0.0,0.0,0.0,0.0,0.5754545454545454,0.0,0.4122727272727273,0.27954545454545454,0.0,0.0,0.0,0.12340059006222631,0.0,0.20675811410659983,0.2066094041602315,0.0,0.0,0.0,0.0,0.0,0.0,0.09292737936419941,0.0,0.1162481671409763,0.09712423427300153,0.0,0.0,0.0,up
1.3,0.16,1.71,1.14,0.0,0.0,0.0,0.08,0.0,0.0,1.11,0.27,0.63,0.53,0.0,0.0,0.0,0.74,0.0,0.72,0.2,0.0,0.0,0.0,0.0,0.0,0.0,0.5,0.0,0.09,0.04,0.0,0.0,0.0,0.9767741935483872,0.02,1.1309677419354838,0.7729032258064515,0.0,0.0,0.0,0.0025806451612903226,0.0,0.0,0.7293548387096774,0.034193548387096775,0.3554838709677419,0.29709677419354835,0.0,0.0,0.0,0.14747626016355295,0.04219004621945797,0.2413207386958924,0.23810632846674606,0.0,0.0,0.0,0.014368424162141994,0.0,0.0,0.121708270983555,0.07055844827981915,0.1402340593359882,0.13279542031227576,0.0,0.0,0.0,up
1.13,0.13,1.6,1.22,0.0,0.0,0.0,0.23,0.0,0.28,0.83,0.46,0.79,0.79,0.0,0.0,0.0,0.65,0.0,0.88,0.0,0.0,0.0,0.0,0.0,0.0,0.0,0.46,0.0,0.13,0.23,0.0,0.0,0.0,0.9074193548387096,0.004193548387096774,1.2661290322580643,0.5116129032258065,0.0,0.0,0.0,0.02258064516129032,0.0,0.032903225806451615,0.667741935483871,0.09032258064516129,0.38838709677419353,0.5161290322580645,0.0,0.0,0.0,0.13109710756879125,0.02334868926348074,0.1934369392395506,0.2894027962798972,0.0,0.0,0.0,0.05477029255204466,0.0,0.07866356837346823,0.08647580306726867,0.11040784606683657,0.15998118168904635,0.14559481262176066,0.0,0.0,0.0,up
1.15,0.1,1.5,1.07,0.0,0.0,0.0,0.12,0.0,0.11,0.66,0.22,1.0,0.84,0.0,0.0,0.0,0.61,0.0,0.91,0.14,0.0,0.0,0.0,0.0,0.0,0.0,0.44,0.0,0.12,0.22,0.0,0.0,0.0,0.8706451612903227,0.0032258064516129032,1.195483870967742,0.5567741935483872,0.0,0.0,0.0,0.01064516129032258,0.0,0.0067741935483870966,0.5390322580645162,0.04967741935483871,0.43967741935483867,0.543225806451613,0.0,0.0,0.0,0.1319579600698891,0.01796053020267749,0.13908843013654826,0.24075419133456696,0.0,0.0,0.0,0.031298081290601805,0.0,0.02300537571586165,0.057524188460720736,0.07120317740886481,0.18168624734172448,0.16044494583863117,0.0,0.0,0.0,up
1.14,0.01,1.8,1.28,0.0,0.0,0.0,0.0,0.0,0.0,0.74,0.19,0.65,0.64,0.0,0.0,2.44,0.71,0.0,1.06,0.0,0.0,0.0,0.0,0.0,0.0,0.0,0.45,0.0,0.1,0.24,0.0,0.0,0.0,0.9577419354838711,0.0003225806451612903,1.4148387096774195,0.5074193548387096,0.0,0.0,0.0,0.0,0.0,0.0,0.6003225806451614,0.024516129032258065,0.3341935483870968,0.42999999999999994,0.0,0.0,0.14806451612903226,0.11444677590971722,0.0017960530202677492,0.15834289727764733,0.3718150771726494,0.0,0.0,0.0,0.0,0.0,0.0,0.07485469795845558,0.04998924615537621,0.15456981580175755,0.09327379053088816,0.0,0.0,0.4768886617428902,up
1.29,0.06,1.6,1.01,0.0,0.0,0.0,0.03,0.0,0.0,0.86,0.22,0.89,0.64,0.0,0.0,2.46,0.59,0.0,0.86,0.0,0.0,0.0,0.0,0.0,0.0,0.0,0.41,0.0,0.04,0.19,0.0,0.0,0.0,1.030967741935484,0.001935483870967742,1.3129032258064517,0.6161290322580645,0.0,0.0,0.0,0.000967741935483871,0.0,0.0,0.6532258064516129,0.03548387096774194,0.44290322580645164,0.43419354838709684,0.0,0.0,0.08741935483870968,0.16094211876136666,0.010776318121606494,0.18855933722813617,0.23953673927472083,0.0,0.0,0.0,0.005388159060803248,0.0,0.0,0.10419171741791486,0.054334685648452306,0.22372890661672212,0.12260435537528529,0.0,0.0,0.44261320768014056,up
1.19,0.01,1.61,0.95,0.0,0.0,0.0,0.0,0.0,0.0,0.73,0.22,0.93,0.62,0.0,0.0,0.0,0.66,0.0,0.88,0.0,0.0,0.0,0.0,0.0,0.0,0.0,0.26,0.0,0.14,0.21,0.0,0.0,0.0,0.9806451612903225,0.0003225806451612903,1.234516129032258,0.46903225806451615,0.0,0.0,0.0,0.0,0.0,0.0,0.5606451612903227,0.026774193548387098,0.4703225806451613,0.4445161290322581,0.0,0.0,0.0,0.1252447067110614,0.0017960530202677492,0.17038855027411945,0.2131565127429401,0.0,0.0,0.0,0.0,0.0,0.0,0.10529119886837543,0.050225298855868336,0.18865283584700837,0.10500281614247048,0.0,0.0,0.0,up
1.45,1.09,0.0,1.02,0.0,0.57,0.17,0.16,0.0,0.0,1.42,0.0,1.32,0.07,0.0,0.0,0.04,0.73,0.59,0.0,0.18,0.0,0.0,0.0,0.0,0.0,0.0,0.98,0.0,0.6,0.0,0.0,0.0,0.0,1.133225806451613,0.899032258064516,0.0,0.6529032258064517,0.0,0.12258064516129032,0.026129032258064518,0.021612903225806453,0.0,0.0,1.1716129032258065,0.0,0.9609677419354841,0.003225806451612903,0.0,0.0,0.0012903225806451613,0.17560157738042853,0.13442110049417288,0.0,0.2195175550821558,0.0,0.15566990164951575,0.05401712193708205,0.045905466209994965,0.0,0.0,0.0967848739626032,0.0,0.16935868915233682,0.01275071155509724,0.0,0.0,0.007184212081070996,up
1.02,1.22,0.19,0.89,0.0,0.88,0.15,0.25,0.0,0.0,1.44,0.0,1.03,0.0,0.29,0.0,0.61,0.43,0.7,0.0,0.0,0.0,0.0,0.0,0.0,0.0,0.0,1.01,0.0,0.46,0.0,0.0,0.0,0.0,0.7354838709677419,0.9883870967741933,0.017096774193548388,0.36774193548387096,0.0,0.35,0.026774193548387098,0.023870967741935485,0.0,0.0,1.2361290322580643,0.0,0.6693548387096773,0.0,0.03064516129032258,0.0,0.022903225806451613,0.14827539039857376,0.11042634873355028,0.04188822813051393,0.19168915249120302,0.0,0.20914110069520053,0.045194918355510844,0.06157258152537479,0.0,0.0,0.10144546710276872,0.0,0.13647797096652553,0.0,0.06371475411922359,0.0,0.11042926992384756,up
1.42,1.44,0.0,1.62,0.0,0.72,0.4,0.24,0.0,0.0,1.26,0.0,1.12,0.0,0.3,0.0,1.58,0.57,0.76,0.0,0.47,0.0,0.0,0.0,0.0,0.0,0.0,0.92,0.0,0.29,0.0,0.03,0.0,0.09,1.0029032258064516,1.0977419354838711,0.0,0.8909677419354838,0.0,0.2519354838709677,0.21387096774193548,0.05387096774193549,0.0,0.0,1.0870967741935484,0.0,0.727741935483871,0.0,0.1996774193548387,0.0,0.4545161290322581,0.18565547928689666,0.16495877621230814,0.0,0.28480817917456513,0.0,0.21347005027776475,0.09649447028560199,0.07770360006052224,0.0,0.0,0.07156319111513015,0.0,0.22690247064057215,0.0,0.08372510061575489,0.0,0.31351596141905774,up
1.18,1.46,0.25,1.18,0.0,0.87,0.49,0.48,0.0,0.0,1.46,0.0,1.56,0.0,0.35,0.0,1.87,0.55,0.93,0.0,0.37,0.0,0.0,0.03,0.0,0.0,0.0,1.06,0.0,0.37,0.0,0.03,0.0,0.31,0.9264516129032259,1.1816129032258065,0.01129032258064516,0.8387096774193549,0.0,0.38290322580645164,0.2687096774193548,0.21,0.0,0.0,1.289032258064516,0.0,0.9693548387096774,0.0,0.23290322580645154,0.0,0.6032258064516128,0.15032294983571812,0.11944585312164248,0.04660056762772108,0.21982935708535184,0.0,0.25146495512479267,0.10200463830904523,0.14371267631400278,0.0,0.0,0.09399839852216198,0.0,0.2698633664637344,0.0,0.06679289125783257,0.0,0.28806697249973195,up
1.27,1.38,0.04,1.0,0.0,1.05,0.44,0.33,0.0,0.0,1.44,0.0,1.34,0.0,0.45,0.0,0.82,0.55,0.93,0.0,0.25,0.0,0.0,0.05,0.0,0.0,0.0,1.13,0.0,0.87,0.0,0.09,0.0,0.41,0.9329032258064517,1.0912903225806454,0.0012903225806451613,0.5912903225806452,0.0,0.3545161290322581,0.27903225806451615,0.11548387096774194,0.0,0.0,1.2774193548387094,0.0,1.1312903225806452,0.0,0.2609677419354839,0.0,0.6112903225806451,0.1402900221775613,0.10760241433114996,0.007184212081070997,0.21111990172228154,0.0,0.27102077054077633,0.0926050696491892,0.10128635017208781,0.0,0.0,0.07801571388446837,0.0,0.12010389767430174,0.0,0.08692352342565954,0.0,0.08766382513077524,up
0.98,1.22,0.01,1.49,0.0,0.49,0.42,0.14,0.0,0.0,1.36,0.0,1.46,0.0,0.32,0.0,1.85,0.55,0.85,0.0,0.01,0.0,0.0,0.0,0.0,0.0,0.0,0.88,0.0,0.65,0.0,0.06,0.0,0.39,0.7570967741935484,1.036451612903226,0.0003225806451612903,0.49838709677419357,0.0,0.06451612903225806,0.19096774193548388,0.01,0.0,0.0,1.1270967741935483,0.0,1.0690322580645162,0.0,0.1906451612903226,0.0,0.6593548387096776,0.11869269981446758,0.09603986627426393,0.0017960530202677492,0.28362060073501416,0.0,0.12162342728486206,0.11079575318906038,0.029325756597230357,0.0,0.0,0.10627616692332283,0.0,0.17861233325668707,0.0,0.062125436758811756,0.0,0.28280659449962103,up
1.05,1.2,0.21,1.06,0.0,0.01,0.0,0.0,0.0,0.0,0.0,0.0,0.31,0.08,0.0,0.03,1.24,0.61,0.71,0.0,0.11,0.0,0.0,0.0,0.0,0.0,0.0,0.0,0.0,0.0,0.0,0.0,0.0,0.82,0.8282608695652174,0.9121739130434783,0.04130434782608696,0.5226086956521737,0.0,0.0008695652173913044,0.0,0.0,0.0,0.0,0.0,0.0,0.13782608695652174,0.01173913043478261,0.0,0.0034782608695652175,1.077391304347826,0.10928079652948443,0.11774226559192487,0.06426538357227551,0.26409738891181705,0.0,0.0028810406552003042,0.0,0.0,0.0,0.0,0.0,0.0,0.09443403285502966,0.023865565515849486,0.0,0.008316847989130755,0.1179451872425318,up
1.25,1.05,0.14,0.87,0.0,0.15,0.0,0.0,0.0,0.09,0.0,0.16,0.42,0.19,0.0,0.3,0.91,0.84,0.7,0.0,0.0,0.0,0.0,0.0,0.0,0.0,0.0,0.0,0.0,0.0,0.0,0.0,0.0,0.59,1.078064516129032,0.8848387096774192,0.020645161290322584,0.4619354838709678,0.0,0.005161290322580645,0.0,0.0,0.0,0.005806451612903225,0.0,0.016774193548387096,0.08774193548387098,0.05,0.0,0.016774193548387096,0.7880645161290323,0.09964668767997958,0.08801026333111897,0.03660013514282589,0.23302960262362535,0.0,0.026940795304016236,0.0,0.0,0.0,0.019282840998910075,0.0,0.04158421950485493,0.1298386094970561,0.05779273310719957,0.0,0.058159957403365485,0.06794210058761847,up
1.11,1.01,0.62,0.81,0.0,0.85,0.0,0.0,0.0,0.0,0.0,0.1,0.68,0.26,0.0,0.09,0.94,0.71,0.49,0.26,0.14,0.0,0.08,0.0,0.0,0.0,0.0,0.0,0.0,0.13,0.0,0.0,0.0,0.42,0.8883870967741934,0.7561290322580644,0.4541935483870968,0.46354838709677426,0.0,0.4329032258064517,0.0,0.0,0.0,0.0,0.0,0.009677419354838712,0.4287096774193548,0.08709677419354839,0.0,0.0029032258064516127,0.7535483870967743,0.10257019626231746,0.10815659694334688,0.08110791961119403,0.17313864169304272,0.0,0.18175429473856722,0.0,0.0,0.0,0.0,0.0,0.026138588455607417,0.13739825169882064,0.08603075219118246,0.0,0.016164477182409744,0.11782892647384384,up
1.26,1.15,0.8,0.75,0.0,0.77,0.0,0.0,0.0,0.03,0.0,0.01,0.83,0.24,0.0,0.0,0.84,0.92,0.81,0.4,0.2,0.0,0.14,0.0,0.0,0.0,0.0,0.0,0.0,0.31,0.0,0.0,0.0,0.57,1.1029032258064515,0.9529032258064517,0.5700000000000002,0.48258064516129023,0.0,0.42806451612903224,0.0,0.0,0.0,0.000967741935483871,0.0,0.0003225806451612903,0.5090322580645161,0.04193548387096775,0.0,0.0,0.6893548387096774,0.10221524832062635,0.07655906427445835,0.09584710046040343,0.13102080603058136,0.0,0.1589007940999396,0.0,0.0,0.0,0.005388159060803248,0.0,0.0017960530202677492,0.12657948329566626,0.059577364540498084,0.0,0.0,0.07375343986874863,up
1.31,1.46,0.07,1.42,0.0,0.0,0.0,0.0,0.0,0.0,0.45,0.39,0.0,0.06,0.0,0.21,1.13,0.83,0.91,0.0,0.19,0.0,0.0,0.0,0.0,0.0,0.0,0.06,0.0,0.0,0.0,0.0,0.0,0.37,1.099677419354839,1.1441935483870966,0.005483870967741935,0.7512903225806451,0.0,0.0,0.0,0.0,0.0,0.0,0.27322580645161293,0.07225806451612903,0.0,0.0025806451612903226,0.0,0.03967741935483872,0.8083870967741936,0.12300362788600293,0.1272209153021726,0.016899449631554944,0.2840392218865072,0.0,0.0,0.0,0.0,0.0,0.0,0.1136775292006353,0.09790164034782922,0.0,0.011245070604634984,0.0,0.05930058296328077,0.1846274947778824,up
1.2,1.13,0.28,0.99,0.0,0.0,0.0,0.0,0.0,0.0,0.38,0.22,0.0,0.13,0.0,0.08,0.99,0.78,0.75,0.0,0.29,0.0,0.0,0.0,0.0,0.0,0.0,0.06,0.0,0.0,0.0,0.0,0.0,0.54,0.9767741935483871,0.9570967741935485,0.06645161290322582,0.662258064516129,0.0,0.0,0.0,0.0,0.0,0.0,0.19677419354838713,0.04000000000000001,0.0,0.007419354838709678,0.0,0.01161290322580645,0.8238709677419355,0.10205838514543833,0.09147653791681948,0.06058318727704215,0.18342500152050073,0.0,0.0,0.0,0.0,0.0,0.0,0.07345688516738662,0.061481704595757594,0.0,0.025161841736444736,0.0,0.022671093811804845,0.10343040878951214,up
1.29,1.19,0.27,1.03,0.0,0.0,0.0,0.0,0.0,0.0,0.41,0.42,0.0,0.17,0.0,0.21,0.95,0.73,0.72,0.0,0.37,0.0,0.0,0.0,0.0,0.0,0.0,0.09,0.05,0.0,0.0,0.0,0.0,0.37,1.0274193548387096,0.9267741935483871,0.08612903225806452,0.7151612903225807,0.0,0.0,0.0,0.0,0.0,0.0,0.2541935483870968,0.2674193548387097,0.0,0.05096774193548388,0.0,0.03225806451612903,0.7129032258064517,0.1279053749700792,0.11702954318672967,0.0754399283913958,0.15707473736498676,0.0,0.0,0.0,0.0,0.0,0.0,0.08705454970106913,0.09691810088714023,0.0,0.059237085158408295,0.0,0.055540356343794735,0.12171533862218838,up
1.35,1.18,0.0,0.98,0.0,0.16,0.0,0.0,0.0,0.12,0.43,0.48,0.13,0.4,0.15,0.61,1.02,0.74,0.62,0.0,0.57,0.0,0.0,0.0,0.0,0.0,0.0,0.0,0.0,0.0,0.02,0.0,0.0,0.71,1.0619354838709676,0.875483870967742,0.0,0.7880645161290324,0.0,0.00870967741935484,0.0,0.0,0.0,0.00935483870967742,0.1603225806451613,0.23548387096774193,0.012258064516129033,0.1745161290322581,0.008064516129032258,0.2061290322580645,0.8903225806451613,0.18900475046655504,0.1500630691782052,0.0,0.11625888797101952,0.0,0.03106358376876596,0.0,0.0,0.0,0.029769725546934172,0.11220469006738656,0.1325603940267082,0.03363625795867261,0.10125343482823745,0.03015729373785714,0.15911583661711864,0.07355197123883411,up
1.51,1.36,0.35,1.28,0.0,0.52,0.0,0.0,0.0,0.0,0.3,1.58,0.03,0.87,0.0,0.49,0.96,1.03,0.63,0.0,0.64,0.0,0.0,0.0,0.0,0.0,0.0,0.0,0.43,0.0,0.19,0.0,0.0,0.54,1.3225806451612905,1.0603225806451613,0.1745161290322581,0.9780645161290323,0.0,0.18129032258064517,0.0,0.0,0.0,0.0,0.08516129032258064,1.0406451612903225,0.0022580645161290325,0.5319354838709677,0.0,0.15999999999999995,0.7587096774193549,0.1194143414596277,0.1776416593589042,0.07597537801496042,0.161315825940683,0.0,0.17477112529408037,0.0,0.0,0.0,0.0,0.0940166995003879,0.29654606706627074,0.0071692293492652045,0.2037223495322119,0.0,0.15851393209010578,0.11035524260266238,up
0.0,0.0,0.93,0.44,0.48,0.0,0.94,0.02,0.16,1.37,0.11,1.05,0.89,0.9,0.38,0.0,0.09,0.0,0.0,0.24,0.0,0.05,0.0,0.4,0.0,0.0,0.43,0.0,0.61,0.0,0.49,0.0,0.0,0.0,0.0,0.0,0.6338709677419354,0.11193548387096774,0.21129032258064512,0.0,0.6174193548387099,0.0006451612903225806,0.014516129032258065,0.9096774193548387,0.00903225806451613,0.8425806451612904,0.42677419354838714,0.6841935483870967,0.2267741935483871,0.0,0.004516129032258065,0.0,0.0,0.16614606865355633,0.1442548521388151,0.09898625950046032,0.0,0.13137650073828483,0.0035921060405354984,0.037223532850193884,0.23355918409071028,0.025994209446166722,0.12787931138213832,0.22984613834438888,0.10719994382922618,0.09802676834328447,0.0,0.016701039823400085,up
0.0,0.01,1.11,0.86,0.48,0.0,0.94,0.17,0.05,1.45,0.17,0.98,0.83,0.78,0.45,0.0,0.0,0.0,0.0,0.56,0.0,0.0,0.0,0.17,0.0,0.0,0.45,0.0,0.53,0.0,0.55,0.2,0.0,0.0,0.0,0.0003225806451612903,0.7680645161290325,0.3035483870967742,0.11677419354838708,0.0,0.5125806451612903,0.017096774193548384,0.0025806451612903226,0.858709677419355,0.005806451612903226,0.7593548387096773,0.29161290322580635,0.6729032258064517,0.33322580645161287,0.0,0.0,0.0,0.0017960530202677492,0.14084079321083812,0.23209981167731517,0.10383920572289299,0.0,0.1793686658242456,0.04212628224652608,0.010317539091431922,0.18819744836180027,0.030525857186805547,0.11233685901107043,0.22863503339301186,0.07146997264059439,0.06886639706824578,0.0,0.0,up
0.0,0.13,0.51,0.7,0.0,0.0,1.04,0.0,0.06,1.7,0.03,1.35,1.52,1.25,0.0,0.36,0.0,0.0,0.0,0.0,0.0,0.0,0.0,0.25,0.0,0.0,0.73,0.0,0.26,0.33,0.55,0.0,0.0,0.0,0.0,0.008064516129032258,0.1925806451612903,0.26064516129032256,0.0,0.0,0.6448387096774194,0.0,0.0064516129032258064,1.3783870967741934,0.000967741935483871,0.987741935483871,0.9935483870967741,0.7858064516129032,0.0,0.08677419354838709,0.0,0.0,0.02574481887535298,0.16526680937069577,0.23034662987001375,0.0,0.0,0.17562974250283722,0.0,0.017425725637071603,0.2143532407684964,0.005388159060803248,0.20648986540779438,0.21950775820908583,0.16249665008954053,0.0,0.11861385800920547,0.0,up
0.0,0.0,0.88,0.66,0.19,0.0,0.76,0.66,0.41,1.15,0.0,1.06,0.78,1.28,0.49,0.12,0.0,0.0,0.0,0.15,0.0,0.0,0.0,0.19,0.06,0.06,0.48,0.0,0.16,0.0,0.62,0.0,0.0,0.0,0.0,0.0,0.5045161290322582,0.11709677419354839,0.023870967741935492,0.0,0.5038709677419354,0.32967741935483874,0.26612903225806456,0.8338709677419357,0.0,0.5974193548387098,0.30741935483870964,0.9935483870967741,0.18483870967741936,0.01096774193548387,0.0,0.0,0.0,0.19648305626147375,0.15927321491464697,0.049643893169575834,0.0,0.14662144953029757,0.1437934600035236,0.08184039016503765,0.15970133414919319,0.0,0.205279772374768,0.17962864919857086,0.1443040398394255,0.14219402162167802,0.028792920276771446,0.0,up
0.0,0.0,0.77,0.47,0.05,0.0,0.82,0.52,0.22,1.06,0.0,0.5,0.34,0.99,0.67,0.31,0.0,0.0,0.0,0.31,0.0,0.0,0.0,0.2,0.0,0.0,0.47,0.0,0.0,0.0,0.58,0.3,0.0,0.0,0.0,0.0,0.5306451612903227,0.05129032258064517,0.004516129032258065,0.0,0.4703225806451613,0.33000000000000007,0.10870967741935483,0.7532258064516129,0.0,0.2661290322580645,0.15129032258064515,0.7929032258064516,0.4780645161290323,0.06387096774193549,0.0,0.0,0.0,0.1345098629313347,0.10259116061610346,0.014104067894859119,0.0,0.1315417264842286,0.12016655108639841,0.054573616060258213,0.1668010211154635,0.0,0.1380984532704799,0.11345313086568308,0.12326647417653341,0.08719401182951,0.0927964589609912,0.0,up
0.0,0.0,0.76,0.65,0.96,0.74,0.6,0.0,0.85,1.77,0.16,2.16,1.68,1.42,1.93,1.51,0.58,0.0,0.0,0.0,0.0,0.0,0.0,0.0,0.0,0.0,0.6,0.0,0.0,0.58,0.06,0.0,0.0,0.0,0.0,0.0,0.37354838709677407,0.2754838709677419,0.3054838709677419,0.08709677419354839,0.29193548387096774,0.0,0.3851612903225806,1.292903225806452,0.015483870967741935,0.9551612903225807,0.9816129032258063,0.7832258064516128,0.630967741935484,0.606774193548387,0.10935483870967741,0.0,0.0,0.2222393362585597,0.21697678385298,0.32575899792819657,0.18697938475292042,0.16868944552715226,0.0,0.22793085161574675,0.3052342657521388,0.04162040442518704,0.8460609551237701,0.23474946608662817,0.47170885863191925,0.6688315923494726,0.5425580589317865,0.16858104843805286,up
0.0,0.0,0.7,0.88,0.0,0.03,0.65,0.0,0.23,1.34,0.0,2.02,1.09,1.4,0.0,1.1,0.0,0.0,0.0,0.03,0.0,0.0,0.0,0.04,0.0,0.0,0.8,0.0,1.37,0.55,0.72,0.0,0.0,0.0,0.0,0.0,0.2967741935483871,0.3941935483870967,0.0,0.001935483870967742,0.305483870967742,0.0,0.06516129032258064,1.0861290322580646,0.0,1.6848387096774189,0.8664516129032258,1.0438709677419356,0.0,0.6661290322580646,0.0,0.0,0.0,0.15382646275969974,0.2459644173933618,0.0,0.007491931143441223,0.15346744952763153,0.0,0.0694680246704403,0.1471660608372922,0.0,0.15294598104651055,0.14925477964645498,0.15344222407483624,0.0,0.23886784936940675,0.0,up
0.0,0.0,0.87,0.48,0.0,0.0,0.78,0.0,0.06,1.4,0.0,1.67,1.27,1.38,0.0,0.68,0.0,0.0,0.0,0.02,0.0,0.0,0.0,0.17,0.0,0.0,0.71,0.0,1.07,0.71,0.81,0.0,0.0,0.0,0.0,0.0,0.3861290322580645,0.13419354838709677,0.0,0.0,0.3887096774193548,0.0,0.00870967741935484,1.0377419354838708,0.0,1.391290322580645,0.9109677419354839,1.0816129032258064,0.0,0.3748387096774194,0.0,0.0,0.0,0.21662067336482974,0.16475788688351942,0.0,0.0,0.15072584240896605,0.0,0.01910356606916991,0.17882411614804372,0.0,0.14331182634344056,0.1472719669796819,0.15496444267838883,0.0,0.17492609806700155,0.0,up
0.0,0.0,0.87,0.69,0.0,0.0,0.73,0.0,0.05,1.4,0.0,1.65,1.33,1.4,0.0,0.79,0.0,0.0,0.0,0.15,0.0,0.0,0.0,0.27,0.0,0.0,0.71,0.0,1.17,0.75,0.82,0.0,0.04,0.0,0.0,0.0,0.41290322580645167,0.25903225806451613,0.0,0.0,0.48999999999999994,0.0,0.004193548387096774,0.976774193548387,0.0,1.3912903225806448,1.0261290322580643,1.0887096774193548,0.0,0.31548387096774183,0.0,0.0,0.0,0.14774287458029003,0.1973719811035274,0.0,0.0,0.13880441875771343,0.0,0.012321848765069601,0.14985297454002913,0.0,0.12502644881474403,0.15023708861562424,0.14113213514254103,0.0,0.19570111070503102,0.0,up
0.0,0.0,0.67,0.81,0.0,0.0,0.6,0.0,0.05,1.51,0.0,1.65,1.43,1.4,0.0,0.81,0.0,0.0,0.0,0.05,0.0,0.0,0.0,0.25,0.0,0.0,0.76,0.0,1.12,0.72,0.86,0.0,0.04,0.0,0.0,0.0,0.3938709677419356,0.22193548387096776,0.0,0.0,0.4316129032258065,0.0,0.004516129032258065,0.9967741935483871,0.0,1.397741935483871,0.9941935483870966,1.0451612903225806,0.0,0.3587096774193549,0.0,0.0,0.0,0.1486758760829485,0.23163792658426655,0.0,0.0,0.10181999719091037,0.0,0.013124711978406577,0.14702351505284664,0.0,0.14155587065229414,0.1661881302128883,0.1176682049306987,0.0,0.20792213182637825,0.0,up
0.0,0.0,0.67,0.45,0.0,0.0,0.63,0.12,0.2,1.55,0.04,1.7,1.2,1.35,0.0,1.11,0.0,0.0,0.0,0.11,0.0,0.0,0.0,0.08,0.0,0.0,0.71,0.0,1.08,0.66,0.82,0.0,0.1,0.0,0.0,0.0,0.3990322580645161,0.09161290322580645,0.0,0.0,0.42935483870967744,0.003870967741935484,0.013225806451612903,1.0558064516129033,0.0012903225806451613,1.3429032258064517,0.9722580645161291,1.0593548387096776,0.0,0.5822580645161289,0.0,0.0,0.0,0.1459761359197609,0.1220408886178057,0.0,0.0,0.12323244929457412,0.02155263624321299,0.042062421611552,0.19343860685927178,0.007184212081070997,0.13533153237850362,0.14279845184546772,0.11896597507609664,0.0,0.21261404276951157,0.0,up
0.0,0.0,0.72,0.65,0.0,0.0,0.76,0.0,0.09,1.47,0.0,1.53,1.37,1.4,0.0,1.21,0.0,0.0,0.0,0.21,0.0,0.0,0.0,0.03,0.0,0.0,0.68,0.0,1.04,0.6,0.77,0.0,0.0,0.0,0.0,0.0,0.42387096774193556,0.1603225806451613,0.0,0.0,0.46290322580645166,0.0,0.0064516129032258064,1.0561290322580643,0.0,1.2903225806451615,0.9174193548387097,1.0296774193548388,0.0,0.4909677419354838,0.0,0.0,0.0,0.12640351839393393,0.1812270007654809,0.0,0.0,0.16508974424813305,0.0,0.022590320507800705,0.1646547381513782,0.0,0.11981885969990262,0.1660314777772674,0.1356830589024226,0.0,0.2984443537044461,0.0,up
0.0,0.0,0.72,0.47,0.0,0.0,0.71,0.0,0.07,1.29,0.0,1.62,1.37,1.34,0.0,0.61,0.0,0.0,0.0,0.12,0.0,0.0,0.0,0.22,0.0,0.0,0.41,0.0,0.98,0.68,0.7,0.0,0.0,0.0,0.0,0.0,0.41129032258064524,0.09290322580645159,0.0,0.0,0.44709677419354843,0.0,0.008064516129032258,0.8951612903225806,0.0,1.2580645161290325,1.0432258064516131,1.0332258064516129,0.0,0.2429032258064516,0.0,0.0,0.0,0.15497831967695505,0.12519833727296054,0.0,0.0,0.1168244708494214,0.0,0.017966516048603613,0.20518074906030107,0.0,0.1530668558689026,0.14248712448906142,0.1479726798381871,0.0,0.16931614509327605,0.0,up
0.0,0.0,0.78,0.05,0.1,0.0,0.72,0.62,0.64,1.59,0.07,1.61,1.29,1.69,0.0,0.88,0.11,0.0,0.0,0.1,0.0,0.0,0.0,0.0,0.0,0.0,0.53,0.0,0.83,0.62,0.75,0.0,0.0,0.0,0.0,0.0,0.3870967741935484,0.0032258064516129032,0.004516129032258065,0.0,0.4170967741935485,0.03967741935483871,0.07774193548387096,1.0264516129032257,0.002903225806451613,1.2583870967741935,0.9241935483870968,1.11,0.0,0.46903225806451615,0.0232258064516129,0.0,0.0,0.15554621067680813,0.010766335425511487,0.019120444499264713,0.0,0.18825857303873483,0.12531251256938233,0.190590480304751,0.24025747837263775,0.012959822114802039,0.1955691995891914,0.1553442240863472,0.19869574731231665,0.0,0.20658097425641883,0.041664301008112734,up
0.0,0.0,0.74,0.05,0.0,0.0,0.58,0.1,0.1,1.36,0.0,1.45,1.2,1.63,0.0,0.59,0.07,0.0,0.0,0.06,0.0,0.0,0.0,0.02,0.0,0.0,0.77,0.0,0.98,0.68,1.15,0.0,0.0,0.0,0.0,0.0,0.3719354838709677,0.0016129032258064516,0.0,0.0,0.272258064516129,0.0032258064516129032,0.015806451612903224,1.0361290322580645,0.0,1.2554838709677418,0.9970967741935483,1.336451612903226,0.0,0.15354838709677418,0.0025806451612903226,0.0,0.0,0.16975314145033682,0.00898026510133875,0.0,0.0,0.12298264586028264,0.0179605302026775,0.02918609184165032,0.14361238153109313,0.0,0.12664487645058048,0.12283304518429604,0.13719932913093455,0.0,0.1775865683189802,0.012640607035920355,up
2.55,3.09,1.02,2.44,0.54,0.8,0.07,0.08,0.16,0.0,0.87,0.45,0.74,0.09,1.64,0.51,1.63,1.64,1.78,0.0,0.12,0.0,0.0,0.0,0.0,0.0,0.0,0.08,0.0,0.0,0.0,0.27,0.0,0.0,1.9803225806451612,2.6070967741935487,0.28,1.389032258064516,0.1496774193548387,0.19677419354838713,0.006129032258064516,0.0035483870967741938,0.01096774193548387,0.0,0.4961290322580645,0.08129032258064514,0.3364516129032258,0.005161290322580645,1.0616129032258064,0.061612903225806454,0.2625806451612903,0.18677051642711598,0.3031852409379135,0.30252272641902456,0.6934856635802918,0.14321275248076998,0.21493234744564305,0.019092305492848637,0.01517638233062021,0.03340207964680017,0.0,0.20921563707261207,0.1284196749070243,0.1962744402971984,0.020144638284489085,0.39408202846779283,0.13774606526004168,0.5232715530960669,up
2.07,2.79,0.44,3.0,0.1,0.84,0.0,0.0,0.0,0.0,1.07,0.86,1.3,0.19,1.19,1.06,0.0,1.37,2.09,0.0,1.78,0.0,0.0,0.0,0.0,0.0,0.0,0.49,0.16,0.0,0.0,0.68,0.0,0.0,1.71,2.498709677419355,0.15225806451612905,2.43483870967742,0.004193548387096774,0.0664516129032258,0.0,0.0,0.0,0.0,0.7861290322580643,0.5083870967741935,0.48774193548387096,0.01838709677419355,0.8938709677419355,0.2425806451612903,0.0,0.15781846110853653,0.17308460234778972,0.14479202734541602,0.23209008262227168,0.01821614550307631,0.17558565596495962,0.0,0.0,0.0,0.0,0.1422363624243074,0.19556919958919144,0.3340230498774933,0.04487737174371574,0.1378326864802598,0.3698284984686414,0.0,up
2.18,2.66,0.5,2.14,0.23,0.71,0.0,0.0,0.0,0.0,1.0,0.73,1.31,0.05,1.47,0.82,0.03,1.11,1.84,0.0,0.98,0.0,0.0,0.0,0.0,0.0,0.0,0.33,0.0,0.27,0.0,0.78,0.0,0.0,1.539032258064516,2.246451612903226,0.19000000000000003,1.5912903225806452,0.043225806451612905,0.05354838709677419,0.0,0.0,0.0,0.0,0.6377419354838707,0.29161290322580646,0.8654838709677419,0.0025806451612903226,1.1032258064516127,0.14483870967741935,0.0012903225806451613,0.25542585145477714,0.18499636729941077,0.15918542646863124,0.32160785578593354,0.06564485746673501,0.14494937937309413,0.0,0.0,0.0,0.0,0.15899076865066422,0.21727243688042208,0.24821816626612186,0.010317539091431922,0.18774782904691056,0.20702449078538082,0.005622535302317492,up
1.93,2.04,1.13,1.06,0.49,0.0,0.02,0.0,0.0,0.0,1.11,0.24,1.02,0.0,1.12,0.57,0.6,1.35,1.47,0.55,0.15,0.08,0.0,0.0,0.0,0.0,0.0,0.55,0.0,0.44,0.0,0.75,0.0,0.0,1.6438709677419354,1.736774193548387,0.8151612903225806,0.5680645161290322,0.29516129032258065,0.0,0.0006451612903225806,0.0,0.0,0.0,0.8080645161290324,0.0332258064516129,0.717741935483871,0.0,0.9416129032258065,0.10709677419354838,0.1829032258064516,0.1397301546876416,0.13572980750432562,0.16134581840964943,0.22798273845240577,0.08686660147382827,0.0,0.0035921060405354984,0.0,0.0,0.0,0.14067502395802672,0.06436288251128357,0.14983790524918042,0.0,0.09363392455705886,0.15973297610673254,0.1153601187120025,up
1.86,2.52,0.64,2.61,0.36,0.49,0.0,0.42,0.0,0.0,1.38,1.19,0.77,0.17,1.85,1.31,0.3,1.24,2.03,0.0,1.34,0.0,0.0,0.0,0.0,0.0,0.0,0.69,0.06,0.0,0.0,0.59,0.0,0.0,1.5377419354838713,2.270322580645161,0.32967741935483874,2.0548387096774197,0.10387096774193548,0.04419354838709678,0.0,0.03193548387096774,0.0,0.0,0.9145161290322582,0.5770967741935483,0.4577419354838709,0.028387096774193554,1.0929032258064517,0.2916129032258064,0.01032258064516129,0.17574052231285675,0.134845192003466,0.156343294728145,0.2512352279935006,0.10400889126591817,0.10131713226460068,0.0,0.09921086482298566,0.0,0.0,0.16610917513646298,0.23757375764713712,0.2257832246118587,0.05112708181212435,0.3911623154002023,0.3451868747426872,0.05388159060803247,up
2.14,2.74,0.57,2.52,0.35,0.35,0.0,1.05,0.0,0.0,2.2,1.34,1.1,0.27,1.93,2.34,0.23,1.07,1.8,0.0,1.54,0.0,0.0,0.0,0.0,0.0,0.0,0.74,0.38,0.0,0.0,0.63,0.0,0.0,1.5551612903225807,2.234516129032258,0.16387096774193546,2.0261290322580647,0.09645161290322582,0.024838709677419354,0.0,0.17290322580645162,0.0,0.0,1.1664516129032259,0.703548387096774,0.4683870967741935,0.04516129032258065,1.1541935483870973,0.521290322580645,0.01096774193548387,0.20789213497616077,0.1749064265958119,0.1574944955515343,0.20321872320818668,0.10628729579452018,0.07482739996115216,0.0,0.2943376014985411,0.0,0.0,0.40142702439419614,0.23806929505358693,0.2432707240119335,0.07150156025066565,0.46908260959414805,0.7613091441085059,0.04384478978622032,up
1.96,2.62,0.6,2.6,0.26,0.06,0.0,0.83,0.0,0.0,1.93,1.33,0.81,0.38,1.74,1.35,0.04,1.25,1.93,0.0,1.53,0.0,0.0,0.0,0.0,0.0,0.0,0.76,0.48,0.0,0.0,0.52,0.0,0.0,1.4933333333333334,2.26,0.18833333333333332,2.0196666666666667,0.07266666666666668,0.0026666666666666666,0.0,0.027666666666666666,0.0,0.0,1.0216666666666667,0.8186666666666668,0.2753333333333333,0.14100000000000001,0.8220000000000002,0.05433333333333334,0.0013333333333333333,0.17627042964665426,0.17092042915768813,0.14704170961946847,0.2131453014735016,0.07829798664489195,0.011426929274467316,0.0,0.15153657424309597,0.0,0.0,0.2258788710079278,0.2164563081393872,0.2188486066752041,0.12927783499382117,0.246246302265253,0.2499887353784005,0.0073029674334022165,up
1.5,2.07,0.64,0.71,0.0,0.23,0.0,0.0,0.0,0.72,0.0,0.0,0.32,0.12,0.0,0.07,2.34,0.84,1.17,0.0,0.0,0.0,0.0,0.0,0.0,0.0,0.0,0.0,0.0,0.0,0.0,0.0,0.0,0.0,1.0746666666666667,1.4956666666666665,0.37966666666666665,0.14966666666666667,0.0,0.018666666666666668,0.0,0.0,0.0,0.11666666666666668,0.0,0.0,0.03900000000000001,0.014666666666666666,0.0,0.004666666666666667,0.44700000000000006,0.13977157062157877,0.17240056271076526,0.17935676896820105,0.1819526905797092,0.0,0.05513202544696737,0.0,0.0,0.0,0.19769941191431084,0.0,0.0,0.10232975769708842,0.03401149231062057,0.0,0.017759569219172378,0.5319719334053579,up
1.46,1.6,0.91,0.36,0.0,0.2,0.0,0.0,0.0,0.0,0.17,0.0,0.0,0.0,0.0,0.25,0.51,0.79,1.18,0.51,0.0,0.0,0.0,0.0,0.0,0.0,0.0,0.0,0.0,0.0,0.0,0.0,0.0,0.0,1.119,1.3389999999999997,0.734,0.07266666666666666,0.0,0.020333333333333335,0.0,0.0,0.0,0.0,0.024666666666666667,0.0,0.0,0.0,0.0,0.026666666666666665,0.23399999999999999,0.13588407838529387,0.10541706987338272,0.1104411217767655,0.1044503952001679,0.0,0.04965281763254301,0.0,0.0,0.0,0.0,0.04407934329986243,0.0,0.0,0.0,0.0,0.05743562113107721,0.1477322834935103,up
1.24,1.39,0.87,0.02,0.0,0.25,0.0,0.0,0.0,0.0,0.09,0.0,0.0,0.0,0.0,0.27,0.46,0.8,1.07,0.57,0.0,0.0,0.0,0.0,0.0,0.0,0.0,0.0,0.0,0.0,0.0,0.0,0.0,0.24,1.0025,1.204375,0.715,0.001875,0.0,0.02875,0.0,0.0,0.0,0.0,0.018125,0.0,0.0,0.0,0.0,0.0375,0.368125,0.1129306571898585,0.08808849716809417,0.09695359714832658,0.005439056290693574,0.0,0.07182153808805081,0.0,0.0,0.0,0.0,0.03208712098854201,0.0,0.0,0.0,0.0,0.07132087118555597,0.05635822921277779,up
1.52,1.88,0.91,0.05,0.0,0.31,0.0,0.0,0.0,0.0,0.0,0.0,0.0,0.0,0.0,0.0,2.21,0.98,1.08,0.0,0.0,0.0,0.0,0.0,0.0,0.0,0.0,0.0,0.0,0.0,0.0,0.0,0.0,0.0,1.2713333333333332,1.4360000000000002,0.48199999999999993,0.0016666666666666668,0.0,0.08433333333333334,0.0,0.0,0.0,0.0,0.0,0.0,0.0,0.0,0.0,0.0,0.4236666666666666,0.11488324908157949,0.16904600475650977,0.1631246614476603,0.00912870929175277,0.0,0.10788510278207482,0.0,0.0,0.0,0.0,0.0,0.0,0.0,0.0,0.0,0.0,0.5840316673826405,up
1.53,1.22,0.67,0.19,0.0,0.0,0.0,0.0,0.0,0.0,0.05,0.0,0.0,0.0,0.0,0.2,0.0,1.07,0.8,0.28,0.0,0.0,0.0,0.0,0.0,0.0,0.0,0.0,0.0,0.0,0.0,0.0,0.0,0.0,1.3236666666666668,1.0316666666666667,0.4886666666666667,0.038000000000000006,0.0,0.0,0.0,0.0,0.0,0.0,0.0033333333333333335,0.0,0.0,0.0,0.0,0.02333333333333333,0.0,0.11517552821172806,0.09541500400097329,0.10950463171855378,0.04866493462513811,0.0,0.0,0.0,0.0,0.0,0.0,0.010933445471810679,0.0,0.0,0.0,0.0,0.052281290471193745,0.0,up
1.19,0.0,1.47,0.95,0.0,0.0,0.0,0.0,0.0,0.17,0.71,0.0,1.11,0.59,0.0,0.0,0.0,0.75,0.0,0.79,0.0,0.0,0.0,0.0,0.0,0.0,0.0,0.32,0.0,0.19,0.14,0.0,0.0,0.0,0.9116129032258063,0.0,1.1416129032258064,0.40290322580645155,0.0,0.0,0.0,0.0,0.0,0.013225806451612905,0.5225806451612903,0.0,0.5506451612903226,0.37935483870967746,0.0,0.0,0.0,0.11243062376990674,0.0,0.16812885483448992,0.26594728234980575,0.0,0.0,0.0,0.0,0.0,0.03902025941945146,0.10598640610743386,0.0,0.17258689567617755,0.10978571503527429,0.0,0.0,0.0,down
1.17,0.0,2.15,1.04,0.0,0.0,0.0,0.0,0.0,0.0,0.64,0.04,0.81,0.54,0.0,0.0,2.19,0.5,0.0,1.25,0.0,0.0,0.0,0.0,0.0,0.0,0.0,0.29,0.0,0.2,0.13,0.0,0.0,0.0,0.8093548387096774,0.0,1.7422580645161292,0.4064516129032258,0.0,0.0,0.0,0.0,0.0,0.0,0.4761290322580646,0.0025806451612903226,0.5022580645161291,0.35580645161290314,0.0,0.0,0.09516129032258064,0.15575483906599216,0.0,0.18684592007711157,0.3085941065228647,0.0,0.0,0.0,0.0,0.0,0.0,0.08135016571812004,0.00893224194906067,0.16372150494909243,0.09667037441906688,0.0,0.0,0.40534652638404683,down
1.14,0.0,2.23,1.04,0.0,0.0,0.0,0.0,0.0,0.05,0.68,0.0,0.8,0.54,0.0,0.0,0.0,0.62,0.0,1.6,0.18,0.0,0.0,0.0,0.0,0.0,0.0,0.29,0.0,0.0,0.17,0.0,0.0,0.0,0.842258064516129,0.0,1.836774193548387,0.5716129032258065,0.0,0.0,0.0,0.0,0.0,0.0019354838709677422,0.4709677419354838,0.0,0.37354838709677424,0.32806451612903226,0.0,0.0,0.0,0.144907089254215,0.0,0.14942974038600196,0.22051601263390602,0.0,0.0,0.0,0.0,0.0,0.009099214192705393,0.0793454404785252,0.0,0.17749269256501377,0.1007114477054358,0.0,0.0,0.0,down
1.42,0.0,2.21,0.89,0.0,0.0,0.0,0.0,0.0,0.15,0.72,0.11,0.68,0.69,0.0,0.0,0.08,0.67,0.0,1.34,0.0,0.0,0.0,0.0,0.0,0.0,0.0,0.28,0.0,0.19,0.15,0.0,0.0,0.0,0.9764516129032258,0.0,1.8109677419354837,0.21129032258064515,0.0,0.0,0.0,0.0,0.0,0.0070967741935483875,0.5216129032258064,0.011612903225806449,0.49419354838709684,0.4270967741935484,0.0,0.0,0.0025806451612903226,0.17514847771908218,0.0,0.19759141072272812,0.21970801738495072,0.0,0.0,0.0,0.0,0.0,0.029347748168822855,0.09070453036071015,0.030232077246257098,0.124653498240747,0.1260474394394718,0.0,0.0,0.014368424162141994,down
1.28,0.0,1.96,1.12,0.0,0.01,0.0,0.0,0.0,0.0,0.94,0.04,0.93,0.52,0.0,0.0,2.49,0.68,0.0,1.05,0.0,0.0,0.0,0.0,0.0,0.0,0.0,0.49,0.0,0.08,0.0,0.0,0.0,0.0,0.9812903225806453,0.0,1.520645161290323,0.11741935483870967,0.0,0.0003225806451612903,0.0,0.0,0.0,0.0,0.6599999999999999,0.0012903225806451613,0.4512903225806452,0.2812903225806452,0.0,0.0,0.33838709677419354,0.16406791145709287,0.0,0.2711572174203367,0.2693073552892739,0.0,0.0017960530202677492,0.0,0.0,0.0,0.0,0.08465616732800195,0.007184212081070997,0.20239798970483658,0.15021633145753208,0.0,0.0,0.7336624872250798,down
0.74,1.29,0.45,0.78,0.0,0.53,0.0,0.0,0.0,0.0,1.27,0.22,1.07,0.0,0.02,0.0,0.0,0.3,0.75,0.0,0.0,0.0,0.0,0.0,0.0,0.0,0.0,0.89,0.0,0.57,0.0,0.0,0.0,0.0,0.5116129032258064,0.9716129032258064,0.13903225806451613,0.3974193548387096,0.0,0.1867741935483871,0.0,0.0,0.0,0.0,1.0616129032258064,0.023548387096774193,0.7829032258064516,0.0,0.0012903225806451613,0.0,0.0,0.11207428412124845,0.11676462861082398,0.12006539436794927,0.2220505609380513,0.0,0.14597687252379385,0.0,0.0,0.0,0.0,0.09876223212657585,0.05712841599395605,0.12369838447845892,0.0,0.00499462076229415,0.0,0.0,down
1.07,1.17,0.23,1.29,0.0,0.69,0.13,0.28,0.0,0.0,1.42,0.11,1.36,0.04,0.2,0.0,1.0,0.27,0.77,0.0,0.15,0.0,0.0,0.0,0.0,0.0,0.0,1.12,0.0,0.46,0.0,0.0,0.0,0.0,0.7909677419354838,0.9903225806451613,0.025806451612903226,0.5558064516129031,0.0,0.3019354838709678,0.00935483870967742,0.06580645161290323,0.0,0.0,1.2680645161290323,0.00870967741935484,0.9041935483870968,0.0025806451612903226,0.044193548387096784,0.0,0.05032258064516129,0.20204545427056222,0.10409879509285852,0.05914807371044229,0.23112441373350393,0.0,0.21314188318017507,0.027195034334839847,0.08139509377304371,0.0,0.0,0.09346726182069351,0.02848882067102474,0.19464110894238806,0.0099892415245883,0.05321492231497898,0.0,0.1985696161881729,down
0.63,0.96,0.34,1.36,0.0,0.3,0.13,0.14,0.0,0.0,1.33,0.0,1.24,0.0,0.26,0.0,0.88,0.14,0.5,0.0,0.0,0.0,0.0,0.0,0.0,0.0,0.0,1.0,0.0,0.63,0.0,0.0,0.0,0.0,0.4332258064516129,0.7525806451612903,0.07677419354838709,0.23129032258064516,0.0,0.05000000000000001,0.005806451612903225,0.016451612903225808,0.0,0.0,1.1367741935483868,0.0,0.9351612903225803,0.0,0.0906451612903226,0.0,0.0464516129032258,0.12356879586622165,0.09963157939580816,0.10505195847053315,0.25944481668213343,0.0,0.09647106647418523,0.02473515629603435,0.037197525643226516,0.0,0.0,0.09467090706844045,0.0,0.14653488703472484,0.0,0.07361772811268437,0.0,0.17512944521309132,down
1.6,1.62,0.0,1.89,0.0,1.09,0.4,0.2,0.0,0.0,1.61,0.32,0.89,0.09,0.18,0.0,1.67,0.7,0.96,0.0,0.52,0.0,0.0,0.0,0.0,0.0,0.0,1.0,0.0,0.01,0.0,0.0,0.0,0.33,1.2167741935483873,1.2087096774193549,0.0,1.0583870967741933,0.0,0.3416129032258065,0.14064516129032256,0.0232258064516129,0.0,0.0,1.2125806451612902,0.02967741935483871,0.5716129032258065,0.0029032258064516127,0.08290322580645161,0.0,0.6225806451612902,0.18760574079301154,0.1565405578007155,0.0,0.32497278628826287,0.0,0.2790949273896315,0.11681710730513654,0.055280321801655825,0.0,0.0,0.1495987464728116,0.08055986887475848,0.24366776252640326,0.016164477182409744,0.0638327788515742,0.0,0.2658065429585394,down
1.26,1.54,0.19,1.19,0.0,0.43,0.46,0.3,0.0,0.0,1.43,0.0,1.31,0.0,0.27,0.0,1.65,0.55,0.85,0.0,0.35,0.0,0.0,0.0,0.0,0.0,0.0,1.09,0.0,0.62,0.0,0.05,0.0,0.35,0.8580645161290322,1.2316129032258065,0.007741935483870968,0.7409677419354841,0.0,0.0964516129032258,0.23903225806451614,0.08806451612903225,0.0,0.0,1.2261290322580647,0.0,0.818709677419355,0.0,0.1632258064516129,0.0,0.6764516129032259,0.13903043683162117,0.158684104942147,0.03499615954352277,0.21127162356722493,0.0,0.13482206513516928,0.12056408638036115,0.08669561137830487,0.0,0.0,0.07981968927337993,0.0,0.1796059007101172,0.0,0.07426919939311737,0.0,0.26268546955242594,down
1.1,1.29,0.09,1.15,0.0,0.69,0.37,0.38,0.0,0.0,1.3,0.0,1.17,0.0,0.44,0.0,1.71,0.58,0.86,0.0,0.23,0.0,0.0,0.0,0.0,0.0,0.0,1.02,0.0,0.65,0.0,0.05,0.0,0.35,0.8464516129032257,1.0890322580645162,0.005161290322580645,0.5609677419354839,0.0,0.1032258064516129,0.16903225806451613,0.08967741935483872,0.0,0.0,1.1745161290322577,0.0,0.9403225806451614,0.0,0.24903225806451615,0.0,0.5764516129032259,0.11816791406290668,0.09967797612678128,0.020144638284489085,0.19054929088838013,0.0,0.16283707802123762,0.10303251392027267,0.10290720321298348,0.0,0.0,0.07749575083738115,0.0,0.13504280484270514,0.0,0.08934408537445468,0.0,0.2500339761858612,down
1.24,1.15,0.0,1.13,0.0,0.41,0.38,0.12,0.0,0.0,1.59,0.08,1.37,0.22,0.5,0.03,1.79,0.68,0.73,0.0,0.39,0.0,0.0,0.0,0.0,0.0,0.0,1.09,0.0,0.32,0.0,0.0,0.0,0.23,0.911290322580645,0.955483870967742,0.0,0.7867741935483871,0.0,0.05193548387096775,0.0929032258064516,0.007741935483870968,0.0,0.0,1.261935483870968,0.0035483870967741938,0.8564516129032257,0.011290322580645162,0.12870967741935485,0.000967741935483871,0.6387096774193549,0.16518155537637713,0.10735730714697285,0.0,0.1811516325581821,0.0,0.12097987035973408,0.1070262755397663,0.026167368663961972,0.0,0.0,0.11258831658861443,0.015176382330620209,0.2901786620583576,0.04201126321070505,0.1462359266273481,0.005388159060803246,0.30871499192063734,down
1.2,1.15,0.27,1.2,0.0,0.13,0.0,0.0,0.0,0.07,0.0,0.0,0.64,0.15,0.0,0.15,1.13,0.63,0.81,0.0,0.07,0.0,0.0,0.0,0.0,0.0,0.0,0.0,0.0,0.03,0.0,0.0,0.0,0.52,0.9280645161290322,0.9780645161290322,0.05677419354838711,0.6616129032258063,0.0,0.014193548387096777,0.0,0.0,0.0,0.0064516129032258064,0.0,0.0,0.35000000000000003,0.05935483870967743,0.0,0.013870967741935485,0.9590322580645162,0.1142342434018425,0.10061210513116567,0.06579701597966246,0.2291592862936688,0.0,0.03481131938018504,0.0,0.0,0.0,0.017425725637071607,0.0,0.0,0.15834561355886476,0.05259502409106574,0.0,0.03489769995810027,0.11193315977879172,down
1.18,1.02,0.3,0.98,0.0,0.3,0.0,0.0,0.0,0.1,0.09,0.01,0.31,0.13,0.0,0.2,1.14,0.82,0.69,0.0,0.29,0.0,0.0,0.0,0.0,0.0,0.0,0.0,0.0,0.0,0.0,0.0,0.0,0.88,1.004193548387097,0.8745161290322581,0.1235483870967742,0.6858064516129033,0.0,0.016774193548387096,0.0,0.0,0.0,0.005161290322580645,0.006451612903225807,0.0003225806451612903,0.08741935483870968,0.046774193548387105,0.0,0.019032258064516132,0.9793548387096773,0.08999163640947928,0.08713356451170887,0.07521295930431024,0.15182828444327903,0.0,0.05912625456169722,0.0,0.0,0.0,0.020635078182863843,0.017804191846636223,0.0017960530202677492,0.10984740148452864,0.04158421950485492,0.0,0.04642950489431459,0.07406913364647777,down
1.23,0.99,0.4,0.76,0.0,0.4,0.0,0.0,0.0,0.24,0.0,0.33,0.34,0.29,0.0,0.0,0.86,0.86,0.75,0.04,0.0,0.0,0.0,0.0,0.0,0.0,0.0,0.0,0.0,0.0,0.05,0.0,0.0,0.57,1.054516129032258,0.8954838709677418,0.18709677419354842,0.2851612903225807,0.0,0.026774193548387098,0.0,0.0,0.0,0.02,0.0,0.1319354838709677,0.11967741935483871,0.17548387096774198,0.0,0.0,0.7196774193548385,0.09401555579361742,0.060928302655794776,0.08836264476150152,0.2024001147519756,0.0,0.08162463258821624,0.0,0.0,0.0,0.05183306537980043,0.0,0.09502348323225897,0.10110996887771062,0.07041963313723522,0.0,0.0,0.0795606213721228,down
0.0,0.0,0.96,0.67,0.19,0.0,0.6,0.32,0.15,1.38,0.0,1.13,1.08,1.25,0.8,0.51,0.0,0.0,0.0,0.09,0.0,0.0,0.0,0.09,0.0,0.0,0.44,0.0,0.0,0.0,0.31,0.0,0.0,0.0,0.0,0.0,0.6141935483870967,0.1532258064516129,0.007741935483870968,0.0,0.337741935483871,0.07129032258064517,0.030967741935483874,0.793225806451613,0.0,0.2732258064516129,0.18419354838709676,0.6116129032258065,0.34548387096774197,0.08451612903225807,0.0,0.0,0.0,0.20907373808536844,0.1919615776967567,0.034996159543522753,0.0,0.13398282669604478,0.08860932740533475,0.043539624765622204,0.19518174601764027,0.0,0.2563511536515774,0.25786009376595914,0.2211499758714818,0.2672681388877397,0.13827119993398046,0.0,down
0.0,0.0,0.92,0.69,0.34,0.0,0.56,0.38,0.51,1.35,0.0,1.06,0.84,1.28,0.85,0.73,0.0,0.0,0.0,0.25,0.0,0.0,0.0,0.24,0.0,0.06,0.6,0.0,0.0,0.0,0.51,0.0,0.0,0.0,0.0,0.0,0.5374193548387098,0.21483870967741933,0.048064516129032266,0.0,0.39709677419354844,0.18870967741935482,0.3296774193548388,0.947741935483871,0.0,0.7061290322580646,0.4238709677419354,0.9970967741935485,0.1567741935483871,0.09225806451612903,0.0,0.0,0.0,0.1779132324465212,0.1919005118586527,0.09826560452293602,0.0,0.0931376597081652,0.10560119745166627,0.1022247155687815,0.19279885334063157,0.0,0.30112762985545777,0.21720462578491645,0.1929109215568522,0.2858832756770286,0.16714683519626997,0.0,down
0.0,0.0,0.7,0.46,0.0,0.0,0.63,0.0,0.08,1.49,0.0,1.63,1.34,1.57,0.0,0.93,0.0,0.0,0.0,0.13,0.0,0.0,0.0,0.1,0.0,0.0,0.8,0.0,1.0,0.64,1.19,0.0,0.2,0.0,0.0,0.0,0.4087096774193549,0.061612903225806454,0.0,0.0,0.3458064516129032,0.0,0.013870967741935485,1.0977419354838711,0.0,1.348387096774194,0.9693548387096772,1.4035483870967744,0.0,0.47290322580645167,0.0,0.0,0.0,0.12219497904261782,0.12487585232791669,0.0,0.0,0.13225667452718312,0.0,0.023618837023985567,0.16574497835368154,0.0,0.1450998914356026,0.14984292851451636,0.10534224815956715,0.0,0.2135601952360208,0.0,down
0.0,0.0,0.96,0.52,0.0,0.0,0.69,0.05,0.23,1.39,0.01,1.59,1.37,1.58,0.0,1.03,0.0,0.0,0.0,0.13,0.0,0.0,0.0,0.2,0.0,0.0,0.73,0.0,1.05,0.75,0.78,0.0,0.2,0.0,0.0,0.0,0.43806451612903224,0.05290322580645162,0.0,0.0,0.44999999999999996,0.0016129032258064516,0.024838709677419354,1.0174193548387096,0.0003225806451612903,1.3306451612903227,0.9951612903225806,1.2606451612903227,0.0,0.5280645161290322,0.0,0.0,0.0,0.1774151319145525,0.1102177707506703,0.0,0.0,0.14375905768565217,0.008980265101338748,0.05240044323870651,0.15046522836269036,0.0017960530202677492,0.1273822458552988,0.15409674380600294,0.19416377080308547,0.0,0.20863715480611644,0.0,down
1.7,2.51,0.54,2.18,0.15,0.41,0.0,0.0,0.0,0.0,1.17,0.98,1.52,0.32,1.05,1.18,0.1,1.14,1.66,0.0,1.28,0.0,0.0,0.0,0.0,0.0,0.0,0.43,0.19,0.16,0.0,0.75,0.0,0.0,1.4167741935483869,2.0406451612903225,0.19290322580645164,1.6306451612903223,0.014516129032258065,0.013870967741935483,0.0,0.0,0.0,0.0,0.8832258064516129,0.6380645161290321,0.7212903225806452,0.07774193548387097,0.9203225806451615,0.2661290322580645,0.01,0.12744638341342326,0.18182290805196447,0.12102874447521676,0.22883670282351953,0.03722353285019387,0.07360604229521912,0.0,0.0,0.0,0.0,0.1440691291654622,0.17147243422464362,0.2928337632569472,0.08452651171553041,0.08093140597517309,0.3258698862977353,0.024630604269214887,down
1.93,2.59,0.65,2.35,0.49,0.24,0.14,0.61,0.0,0.0,1.61,1.12,1.46,0.37,1.96,1.31,0.0,1.0,1.86,0.02,1.49,0.0,0.0,0.0,0.0,0.0,0.0,0.31,0.0,0.0,0.0,0.81,0.0,0.0,1.515806451612903,2.1674193548387093,0.2977419354838709,1.8925806451612903,0.14774193548387096,0.007741935483870968,0.004516129032258065,0.06870967741935484,0.0,0.0,0.7761290322580645,0.5648387096774193,0.337741935483871,0.04612903225806452,1.3806451612903226,0.4464516129032258,0.0,0.21555779106848025,0.17101593964570444,0.15688020222278642,0.21725511489085028,0.12872994154221606,0.043105272486425976,0.025144742283748484,0.16327363403162332,0.0,0.0,0.268498012647578,0.25195066934808136,0.2832632424373643,0.08444633085989542,0.34639029512839964,0.40613255953441907,0.0,down
1.31,1.53,0.91,0.46,0.0,0.22,0.0,0.0,0.0,0.0,0.08,0.0,0.0,0.0,0.0,0.25,0.56,0.87,1.08,0.34,0.0,0.0,0.0,0.0,0.0,0.0,0.0,0.0,0.0,0.0,0.0,0.0,0.0,0.0,1.1036666666666666,1.3723333333333334,0.6859999999999999,0.13533333333333336,0.0,0.02333333333333333,0.0,0.0,0.0,0.0,0.005666666666666667,0.0,0.0,0.0,0.0,0.017333333333333333,0.24366666666666664,0.11940898520264895,0.11159295903302825,0.10848804161018757,0.13433702684520452,0.0,0.057255226132993574,0.0,0.0,0.0,0.0,0.019061304607327734,0.0,0.0,0.0,0.0,0.05264934969198106,0.16219365465145485,down
