AU09_r_max,AU14_r_max,AU15_r_max,AU17_r_max,AU20_r_max,AU23_r_max,AU09_r_min,AU14_r_min,AU15_r_min,AU17_r_min,AU20_r_min,AU23_r_min,AU09_r_mean,AU14_r_mean,AU15_r_mean,AU17_r_mean,AU20_r_mean,AU23_r_mean,AU09_r_sd,AU14_r_sd,AU15_r_sd,AU17_r_sd,AU20_r_sd,AU23_r_sd,type
2.19,0.73,0.0,0.94,0.0,1.62,1.31,0.01,0.0,0.26,0.0,1.09,1.6695652173913047,0.38043478260869573,0.0,0.6460869565217391,0.0,1.3243478260869566,0.22748582894664335,0.1726920080497901,0.0,0.13667277212494156,0.0,0.1270227641357865,signal
2.36,0.6,0.0,0.96,0.0,1.66,1.08,0.0,0.0,0.45,0.0,0.89,1.7173913043478262,0.3165217391304348,0.0,0.6730434782608694,0.0,1.3752173913043477,0.3263324767403546,0.222109896952186,0.0,0.14483328292176917,0.0,0.16194470339137904,signal
2.36,1.27,0.0,1.72,1.27,1.52,1.41,0.0,0.0,0.59,0.0,0.03,1.7565217391304346,0.1973913043478261,0.0,0.7534782608695652,0.05521739130434783,1.3347826086956522,0.26439654611366986,0.30962172509082975,0.0,0.22798741384024956,0.26481330585248497,0.297212344739603,signal
2.65,0.54,0.0,0.86,0.0,1.64,1.87,0.0,0.0,0.4,0.0,1.08,2.191739130434782,0.04130434782608696,0.0,0.6165217391304348,0.0,1.2608695652173914,0.1863928445249939,0.12520181337003966,0.0,0.11292027338920362,0.0,0.12802389846069795,signal
2.07,0.87,0.0,1.04,0.0,1.58,1.34,0.09,0.0,0.54,0.0,0.69,1.6021739130434778,0.3769565217391304,0.0,0.7860869565217392,0.0,1.2899999999999998,0.1691141766472669,0.16723513067775658,0.0,0.13911209118205173,0.0,0.23971574075065732,signal
0.87,1.11,0.0,1.16,0.0,1.17,0.28,0.64,0.0,0.49,0.0,0.0,0.5226086956521739,0.9191304347826087,0.0,0.7760869565217392,0.0,0.653913043478261,0.13811119997057536,0.10255433342549611,0.0,0.15293311462664685,0.0,0.34460437303238545,signal
1.36,1.39,0.17,1.28,0.09,1.0,0.0,0.29,0.0,0.47,0.0,0.0,0.722608695652174,0.8956521739130435,0.007391304347826088,0.7891304347826089,0.003913043478260869,0.4769565217391304,0.4392164240937216,0.24552033959358685,0.03544745038970271,0.18821923975364138,0.018766297265136726,0.3681456577177608,signal
1.27,1.58,0.0,1.42,0.0,1.13,0.49,0.89,0.0,0.51,0.0,0.0,0.8530434782608696,1.2639130434782608,0.0,0.9647826086956519,0.0,0.7152173913043478,0.20448237938331235,0.18879375785219324,0.0,0.22866946302503552,0.0,0.277863105032568,signal
2.19,1.88,0.0,1.82,1.23,1.55,1.59,0.0,0.0,0.96,0.0,0.16,1.8073913043478258,0.4730434782608695,0.0,1.3843478260869566,0.05347826086956522,0.934782608695652,0.17197297333392897,0.37670141036259736,0.0,0.24539071048129313,0.256472729290202,0.42216831590791104,signal
2.13,1.31,0.0,0.82,0.0,1.32,1.45,0.72,0.0,0.48,0.0,0.56,1.8008695652173916,1.0330434782608695,0.0,0.6265217391304347,0.0,1.0669565217391304,0.1614399140541222,0.16198862986498033,0.0,0.09256981128032134,0.0,0.2026738262378673,signal
1.84,1.5,0.0,0.86,0.26,1.24,1.21,0.9,0.0,0.39,0.0,0.24,1.5539130434782609,1.2313043478260872,0.0,0.6156521739130435,0.011304347826086957,0.7856521739130435,0.1555266457858817,0.14979696403726817,0.0,0.12734441797940668,0.054213747654839425,0.30786399132433495,signal
1.2,2.13,2.73,4.75,1.26,1.68,0.22,0.26,0.0,0.38,0.0,0.0,0.7752173913043477,1.5426086956521738,0.3126086956521739,1.2108695652173913,0.21304347826086958,0.7073913043478263,0.2817134192630613,0.483051073822374,0.812690354715879,1.151149279646919,0.4002435029579856,0.3816378267808886,signal
0.0,0.4,0.78,0.03,0.96,0.75,0.0,0.0,0.33,0.0,0.34,0.25,0.0,0.15956521739130433,0.5882608695652175,0.002173913043478261,0.6982608695652174,0.477391304347826,0.0,0.1205848724444762,0.11876838322447157,0.007358681786057778,0.1804955847839005,0.12649891811626288,signal
0.0,0.07,0.59,0.0,0.79,0.57,0.0,0.0,0.24,0.0,0.11,0.22,0.0,0.008695652173913044,0.4369565217391304,0.0,0.45956521739130435,0.3886956521739131,0.0,0.020955439264845034,0.08823701463098205,0.0,0.14800117508346666,0.10502399499967471,signal
0.0,0.15,0.64,0.12,0.72,0.68,0.0,0.0,0.31,0.0,0.33,0.24,0.0,0.014782608695652172,0.48304347826086963,0.008695652173913044,0.523913043478261,0.3769565217391304,0.0,0.03715686223387537,0.067516649974028,0.028333139579280173,0.12808871678484773,0.11319471488660976,signal
0.0,0.0,0.73,0.0,0.71,0.5,0.0,0.0,0.38,0.0,0.13,0.0,0.0,0.0,0.5795652173913044,0.0,0.4086956521739131,0.2730434782608695,0.0,0.0,0.08818772646357445,0.0,0.12718291579904215,0.11494800336787442,signal
0.0,0.0,0.86,0.27,0.71,0.58,0.0,0.0,0.5,0.0,0.1,0.03,0.0,0.0,0.6943478260869564,0.04,0.3982608695652175,0.28217391304347833,0.0,0.0,0.09375141632658732,0.06487750695804294,0.1483745927133276,0.13731041547394887,signal
0.0,0.28,0.81,0.46,0.58,0.79,0.0,0.0,0.48,0.0,0.13,0.26,0.0,0.041739130434782605,0.6391304347826088,0.12391304347826088,0.37391304347826093,0.5573913043478259,0.0,0.08515505504202017,0.09462428303935234,0.12673304550169376,0.1347974618871783,0.15763067858142182,signal
0.0,0.11,0.78,0.22,1.0,0.84,0.0,0.0,0.37,0.0,0.18,0.27,0.0,0.009130434782608696,0.5630434782608695,0.05434782608695652,0.4034782608695653,0.6,0.0,0.026442569583268717,0.09177218743906991,0.07572834745784206,0.19080234169642138,0.1304885923261981,signal
0.0,0.0,0.7,0.19,0.54,0.58,0.0,0.0,0.43,0.0,0.08,0.24,0.0,0.0,0.5647826086956521,0.019130434782608695,0.3160869565217391,0.4178260869565218,0.0,0.0,0.07210280319966077,0.046895729935315086,0.13610621288453642,0.07476973875835126,signal
0.0,0.0,0.82,0.22,0.89,0.63,0.0,0.0,0.5,0.0,0.04,0.2,0.0,0.0,0.6460869565217393,0.027391304347826086,0.41608695652173905,0.4426086956521739,0.0,0.0,0.08804643043896486,0.055939690845210326,0.2177934620112864,0.11242037146775763,signal
0.0,0.0,0.73,0.1,0.65,0.62,0.0,0.0,0.39,0.0,0.14,0.28,0.0,0.0,0.5908695652173914,0.013043478260869568,0.3886956521739131,0.46695652173913044,0.0,0.0,0.08727766784434507,0.025304470070198995,0.1578924935698075,0.10614889981910469,signal
0.13,0.0,1.42,0.0,1.32,0.07,0.0,0.0,0.98,0.0,0.84,0.0,0.013043478260869568,0.0,1.179565217391304,0.0,1.0382608695652176,0.003913043478260869,0.03534695339947286,0.0,0.10923195756444026,0.0,0.12108044560663128,0.014690482520320496,signal
0.15,0.0,1.33,0.0,1.03,0.05,0.0,0.0,1.01,0.0,0.47,0.0,0.020869565217391306,0.0,1.1847826086956526,0.0,0.6956521739130435,0.002173913043478261,0.04347549398310615,0.0,0.100583279164237,0.0,0.1489913385815834,0.010425720702853736,signal
0.4,0.0,1.16,0.0,1.12,0.0,0.05,0.0,0.99,0.0,0.5,0.0,0.23347826086956527,0.0,1.0686956521739133,0.0,0.8926086956521742,0.0,0.08911732285701575,0.0,0.04277896125073283,0.0,0.147377603803179,0.0,signal
0.41,0.0,1.46,0.0,1.27,0.0,0.06,0.0,0.98,0.0,0.5,0.0,0.2756521739130435,0.0,1.2152173913043478,0.0,0.8465217391304349,0.0,0.08234219546593469,0.0,0.1319734672100071,0.0,0.17460627645836826,0.0,signal
0.44,0.0,1.4,0.0,1.27,0.0,0.05,0.0,1.13,0.0,0.85,0.0,0.2960869565217391,0.0,1.2447826086956522,0.0,1.0895652173913042,0.0,0.09403766800571231,0.0,0.07372365879154842,0.0,0.1246988467129568,0.0,signal
0.44,0.0,1.36,0.0,1.58,0.0,0.0,0.0,0.88,0.0,0.65,0.0,0.23913043478260865,0.0,1.1365217391304347,0.0,1.0926086956521741,0.0,0.1191604359096005,0.0,0.1171094552370937,0.0,0.220993981639656,0.0,signal
0.0,0.0,0.0,0.0,0.28,0.06,0.0,0.0,0.0,0.0,0.0,0.0,0.0,0.0,0.0,0.0,0.14,0.01625,0.0,0.0,0.0,0.0,0.10488088481701516,0.022638462845343543,signal
0.0,0.1,0.0,0.0,0.24,0.1,0.0,0.0,0.0,0.0,0.0,0.0,0.0,0.010869565217391304,0.0,0.0,0.05565217391304348,0.01608695652173913,0.0,0.026096506815744318,0.0,0.0,0.08820565262017054,0.02980834697542141,signal
0.0,0.0,0.0,0.1,0.68,0.1,0.0,0.0,0.0,0.0,0.03,0.0,0.0,0.0,0.0,0.017391304347826087,0.3947826086956522,0.02130434782608696,0.0,0.0,0.0,0.03466952962739732,0.1617481084677202,0.03180971089950177,signal
0.0,0.03,0.0,0.01,0.64,0.13,0.0,0.0,0.0,0.0,0.18,0.0,0.0,0.0013043478260869564,0.0,0.0004347826086956522,0.41086956521739126,0.014782608695652172,0.0,0.0062554324217122415,0.0,0.0020851441405707475,0.12029936308598346,0.033421490802039794,signal
0.0,0.0,0.51,0.39,0.0,0.02,0.0,0.0,0.2,0.0,0.0,0.0,0.0,0.0,0.34913043478260875,0.09434782608695652,0.0,0.0008695652173913044,0.0,0.0,0.07464540681711956,0.10369650151705925,0.0,0.004170288281141495,signal
0.0,0.0,0.46,0.18,0.0,0.13,0.0,0.0,0.13,0.0,0.0,0.0,0.0,0.0,0.2539130434782609,0.021304347826086957,0.0,0.012608695652173915,0.0,0.0,0.08294242967454116,0.04722329431214747,0.0,0.03107430849144264,signal
0.0,0.0,0.41,0.41,0.0,0.1,0.0,0.0,0.14,0.0,0.0,0.0,0.0,0.0,0.28695652173913044,0.2104347826086957,0.0,0.025652173913043478,0.0,0.0,0.07660018885620534,0.12437035092707313,0.0,0.03678266476042037,signal
0.0,0.6,0.43,0.48,0.07,0.34,0.0,0.0,0.0,0.0,0.0,0.0,0.0,0.0782608695652174,0.1456521739130435,0.22565217391304354,0.0052173913043478265,0.1265217391304348,0.0,0.18200030404352832,0.12587244939932868,0.1511418986177776,0.017547225944288772,0.08249565804839637,signal
0.0,0.0,0.29,1.13,0.0,0.6,0.0,0.0,0.0,0.23,0.0,0.19,0.0,0.0,0.05,0.7100000000000001,0.0,0.34260869565217394,0.0,0.0,0.08431542509583231,0.24652125115844936,0.0,0.11414573584614411,signal
0.85,1.38,0.08,1.05,0.89,0.87,0.4,0.51,0.0,0.56,0.0,0.45,0.6208695652173913,0.9339130434782608,0.014347826086956523,0.8147826086956521,0.4208695652173913,0.6452173913043479,0.1330725380957954,0.24809710581351702,0.02920555472641241,0.14656272517617566,0.2168349402295392,0.1032151136403699,signal
0.94,1.45,0.17,1.03,0.83,0.9,0.34,0.43,0.0,0.55,0.0,0.52,0.55,0.8973913043478261,0.007391304347826088,0.816521739130435,0.39913043478260873,0.6860869565217391,0.1316330989047691,0.20710597619454169,0.03544745038970271,0.13384552478857425,0.2372553868241459,0.10071287407254631,signal
1.04,1.66,0.03,1.69,1.52,1.24,0.39,0.86,0.0,0.81,0.66,0.55,0.6452173913043479,1.3130434782608698,0.0013043478260869564,1.1447826086956518,1.0934782608695652,0.8465217391304347,0.1812298782615702,0.18738474718679976,0.006255432421712241,0.2145792831908606,0.21197359817701517,0.2076187216915612,signal
0.67,1.25,0.0,1.06,0.78,1.28,0.19,0.65,0.0,0.35,0.08,0.84,0.4591304347826086,0.9056521739130432,0.0,0.7404347826086957,0.3973913043478261,1.0808695652173914,0.12239700841108898,0.1743514237748921,0.0,0.17897379851073084,0.16815083573182818,0.11645963184641438,signal
0.76,1.13,0.0,0.49,0.47,0.99,0.07,0.47,0.0,0.04,0.0,0.58,0.42913043478260865,0.742608695652174,0.0,0.24695652173913044,0.17173913043478262,0.8095652173913043,0.14193189927433703,0.1819145001793262,0.0,0.12271307193496304,0.13482824676781277,0.11910569259235741,signal
0.6,1.77,0.0,0.75,1.68,0.89,0.0,0.6,0.0,0.0,0.58,0.06,0.2325,1.2418749999999998,0.0,0.179375,0.9750000000000001,0.36250000000000004,0.17468066101699217,0.317452752390021,0.0,0.21498740273172595,0.24127439427617123,0.2044667862188543,signal
0.65,1.4,0.0,2.02,1.21,1.4,0.04,0.93,0.0,1.42,0.63,0.89,0.28130434782608693,1.1552173913043478,0.0,1.7160869565217394,0.9213043478260872,1.0899999999999999,0.14407398187377354,0.14650068461575658,0.0,0.16425421346290087,0.1329150223340287,0.13249356759686653,signal
0.66,1.39,0.0,1.69,1.27,1.28,0.13,0.74,0.0,1.11,0.69,0.81,0.35434782608695653,1.0343478260869563,0.0,1.4391304347826088,0.9456521739130435,1.086521739130435,0.13248760103072843,0.19260949865552324,0.0,0.15762190213171692,0.16607298743067822,0.12857996081859205,signal
0.78,1.4,0.0,1.56,1.33,1.38,0.23,0.71,0.0,1.14,0.72,0.82,0.4691304347826087,1.0169565217391305,0.0,1.3704347826086958,0.9595652173913044,1.1121739130434782,0.17209704037068108,0.1738974301291816,0.0,0.1090236947085593,0.16086352942421173,0.1376080244006382,signal
0.6,1.2,0.0,1.65,1.22,1.4,0.25,0.8,0.0,1.16,0.72,0.86,0.44347826086956527,0.968695652173913,0.0,1.4065217391304348,1.017391304347826,1.0660869565217395,0.12441165889724813,0.10897474051882962,0.0,0.12644110003735387,0.14839190713366682,0.1338499543394761,signal
0.57,1.55,0.05,1.58,1.17,1.22,0.08,0.76,0.0,1.08,0.66,0.82,0.3847826086956522,1.1060869565217393,0.003913043478260869,1.3460869565217393,0.9782608695652174,1.0208695652173914,0.1206749791501344,0.20908326158896567,0.013052039351200886,0.12474479877788244,0.13186260666152902,0.09746388811332127,signal
0.77,1.26,0.0,1.53,1.37,1.4,0.03,0.59,0.0,1.05,0.6,0.77,0.46,1.0569565217391304,0.0,1.2791304347826087,0.9443478260869567,1.0604347826086957,0.19847143142253268,0.17136974334113453,0.0,0.12224837026161353,0.19083134121656703,0.1563061756724912,signal
0.71,1.29,0.0,1.57,1.37,1.21,0.12,0.64,0.0,0.98,0.79,0.7,0.4504347826086956,1.0013043478260868,0.0,1.27,1.0178260869565217,1.043913043478261,0.12050945873361465,0.18791449573545382,0.0,0.1451331676896648,0.13577911613884752,0.10739642496313208,signal
0.84,1.59,0.0,1.61,1.32,1.69,0.0,0.73,0.0,0.52,0.71,0.6,0.473913043478261,1.1386956521739133,0.0,1.057826086956522,0.982608695652174,1.0330434782608697,0.20731484905890413,0.20287265033257793,0.0,0.3276633044860522,0.1762286064721912,0.260548979562362,signal
0.58,1.29,0.0,1.53,1.25,1.57,0.08,0.77,0.0,0.85,0.78,0.99,0.2756521739130435,1.0339130434782609,0.0,1.2847826086956522,1.0286956521739132,1.3039130434782609,0.1375706789239798,0.15540969697236873,0.0,0.15453359638301054,0.13153998174858844,0.13647307861175684,signal
0.07,0.0,0.83,0.45,0.54,0.09,0.0,0.0,0.08,0.0,0.0,0.0,0.008636363636363636,0.0,0.4281818181818183,0.12318181818181818,0.1831818181818182,0.007272727272727273,0.0223170774980047,0.0,0.2109533092921244,0.14207262943520133,0.1813543325630627,0.02374102701309199,signal
0.0,0.0,1.06,0.84,1.08,0.19,0.0,0.0,0.49,0.06,0.0,0.0,0.0,0.0,0.8330434782608698,0.5021739130434782,0.4208695652173913,0.02391304347826087,0.0,0.0,0.1591293008447903,0.218859783293055,0.2808900309483518,0.05087767240555639,signal
0.0,0.0,0.85,0.73,1.31,0.03,0.0,0.0,0.35,0.0,0.27,0.0,0.0,0.0,0.5617391304347826,0.2334782608695652,0.8395652173913044,0.0013043478260869564,0.0,0.0,0.11507516017854844,0.2492827656160802,0.25399495809007283,0.006255432421712242,signal
0.0,0.0,1.11,0.16,1.02,0.0,0.0,0.0,0.46,0.0,0.49,0.0,0.0,0.0,0.8,0.020000000000000004,0.7300000000000001,0.0,0.0,0.0,0.15201674548907734,0.04641708149534453,0.13598128213437718,0.0,signal
0.03,0.0,1.54,1.14,1.38,0.17,0.0,0.0,0.54,0.06,0.12,0.0,0.0013043478260869564,0.0,0.9052173913043479,0.5160869565217392,0.4782608695652173,0.03173913043478262,0.006255432421712241,0.0,0.24590962059662547,0.25064896007318826,0.2885489114661505,0.060276044835636554,signal
0.0,0.0,1.85,1.13,1.1,0.37,0.0,0.0,0.7,0.22,0.08,0.0,0.0,0.0,1.0817391304347825,0.6769565217391303,0.47478260869565225,0.07347826086956523,0.0,0.0,0.3592878331304487,0.19571395598978106,0.23788594603329996,0.11072524125683086,signal
0.0,0.0,1.34,1.33,0.81,0.38,0.0,0.0,0.69,0.53,0.0,0.0,0.0,0.0,1.069090909090909,0.8363636363636364,0.405,0.10772727272727271,0.0,0.0,0.1846724021176313,0.2166310327007752,0.24828459093394842,0.13735362141573593,signal
0.0,0.72,0.0,0.0,0.32,0.12,0.0,0.0,0.0,0.0,0.0,0.0,0.0,0.2333333333333333,0.0,0.0,0.07800000000000001,0.029333333333333333,0.0,0.2275856719902158,0.0,0.0,0.13576239748703825,0.0439913411393435,signal
0.0,0.0,0.15,0.0,0.0,0.05,0.0,0.0,0.0,0.0,0.0,0.0,0.0,0.0,0.02565217391304348,0.0,0.0,0.002173913043478261,0.0,0.0,0.039637687181006014,0.0,0.0,0.010425720702853736,signal
0.0,0.0,0.09,0.0,0.0,0.0,0.0,0.0,0.0,0.0,0.0,0.0,0.0,0.0,0.01782608695652174,0.0,0.0,0.0,0.0,0.0,0.0307418166108893,0.0,0.0,0.0,signal
0.0,0.0,0.0,0.0,0.0,0.0,0.0,0.0,0.0,0.0,0.0,0.0,0.0,0.0,0.0,0.0,0.0,0.0,0.0,0.0,0.0,0.0,0.0,0.0,signal
0.0,0.0,0.05,0.0,0.0,0.0,0.0,0.0,0.0,0.0,0.0,0.0,0.0,0.0,0.0030434782608695656,0.0,0.0,0.0,0.0,0.0,0.011051442772406625,0.0,0.0,0.0,signal
0.0,0.35,0.71,0.0,0.75,0.56,0.0,0.0,0.32,0.0,0.2,0.2,0.0,0.05043478260869565,0.536086956521739,0.0,0.532608695652174,0.3917391304347826,0.0,0.0935889591812646,0.1104428741861512,0.0,0.14419738338643343,0.10919757630980992,signal
0.0,0.03,0.81,0.28,0.77,0.53,0.0,0.0,0.29,0.0,0.2,0.22,0.0,0.0013043478260869564,0.5213043478260869,0.01608695652173913,0.5008695652173913,0.3843478260869566,0.0,0.006255432421712241,0.12432743966222594,0.05875520328484514,0.1450051109907466,0.0909458423736857,signal
0.0,0.05,0.58,0.04,0.81,0.54,0.0,0.0,0.29,0.0,0.12,0.13,0.0,0.002173913043478261,0.45086956521739135,0.0017391304347826088,0.417391304347826,0.31,0.0,0.010425720702853738,0.07064077135107671,0.00834057656228299,0.16963108075265057,0.11353813936695058,signal
0.0,0.07,0.72,0.11,0.66,0.69,0.0,0.0,0.35,0.0,0.01,0.15,0.0,0.0030434782608695656,0.5278260869565217,0.013043478260869565,0.45086956521739135,0.4230434782608696,0.0,0.014596008983995238,0.09243948987601322,0.03390290717069122,0.1699976749434121,0.13775587044441057,signal
0.0,0.0,0.94,0.04,0.93,0.52,0.0,0.0,0.43,0.0,0.08,0.0,0.0,0.0,0.6217391304347827,0.0017391304347826088,0.45608695652173914,0.29999999999999993,0.0,0.0,0.11072702609706626,0.00834057656228299,0.2185019061792198,0.15427248620541512,signal
0.0,0.0,1.27,0.22,1.07,0.0,0.0,0.0,0.89,0.0,0.57,0.0,0.0,0.0,1.0956521739130434,0.04260869565217391,0.8008695652173913,0.0,0.0,0.0,0.11048760057772511,0.0714281197049522,0.111840513210808,0.0,signal
0.01,0.0,1.42,0.17,1.2,0.0,0.0,0.0,1.12,0.0,0.57,0.0,0.0008695652173913044,0.0,1.2447826086956522,0.007391304347826088,0.8913043478260869,0.0,0.0028810406552003042,0.0,0.08897750304111054,0.03544745038970271,0.1475344134839575,0.0,signal
0.21,0.0,1.31,0.0,1.24,0.0,0.0,0.0,1.03,0.0,0.63,0.0,0.03304347826086956,0.0,1.1873913043478261,0.0,0.9169565217391306,0.0,0.05896337712425597,0.0,0.07886797894435231,0.0,0.15307261445615505,0.0,signal
0.3,0.0,1.9,0.83,1.15,0.28,0.0,0.0,1.0,0.0,0.01,0.0,0.08391304347826088,0.0,1.33,0.22695652173913042,0.47782608695652173,0.05782608695652174,0.09143995200203459,0.0,0.2784861674384303,0.2957184592050765,0.2678696515054075,0.10126277794741982,signal
0.46,0.0,1.43,0.0,1.31,0.0,0.0,0.0,1.09,0.0,0.65,0.0,0.2643478260869565,0.0,1.2478260869565219,0.0,0.8456521739130435,0.0,0.11622181327712507,0.0,0.08146145333497702,0.0,0.18142932726137148,0.0,signal
0.28,0.0,1.31,0.0,1.16,0.0,0.0,0.0,1.02,0.0,0.53,0.0,0.11956521739130435,0.0,1.174782608695652,0.0,0.9130434782608695,0.0,0.08631223766964626,0.0,0.08251003053168698,0.0,0.13808544069816459,0.0,signal
0.29,0.0,1.43,0.08,1.37,0.0,0.0,0.0,1.02,0.0,0.6,0.0,0.0665217391304348,0.0,1.2052173913043478,0.0034782608695652175,1.0334782608695652,0.0,0.08054409834777546,0.0,0.09647748513689566,0.01668115312456598,0.1903014043719301,0.0,signal
0.0,0.04,0.0,0.0,0.64,0.15,0.0,0.0,0.0,0.0,0.1,0.0,0.0,0.002608695652173913,0.0,0.0,0.36521739130434777,0.06173913043478261,0.0,0.0091539317456032,0.0,0.0,0.15675312278221537,0.05874847571817916,signal
0.0,0.06,0.09,0.01,0.31,0.13,0.0,0.0,0.0,0.0,0.0,0.0,0.0,0.002608695652173913,0.006956521739130435,0.0004347826086956522,0.17391304347826086,0.0647826086956522,0.0,0.012510864843424481,0.021199224387333276,0.0020851441405707475,0.09689446604118894,0.03058067797830271,signal
0.0,0.14,0.0,0.26,0.34,0.29,0.0,0.0,0.0,0.0,0.0,0.05,0.0,0.01782608695652174,0.0,0.07347826086956522,0.1517391304347826,0.18434782608695652,0.0,0.03777403169315835,0.0,0.08188732256483872,0.0937914598706302,0.06720566040530987,signal
0.76,1.67,0.0,1.13,1.32,1.25,0.09,0.44,0.0,0.0,0.0,0.53,0.4356521739130436,0.9782608695652174,0.0,0.5469565217391305,0.5143478260869566,0.7465217391304348,0.16239195252554633,0.3630258214446641,0.0,0.3580684899265235,0.4423473140475246,0.16584792310076704,signal
0.62,1.35,0.0,1.02,0.84,1.2,0.12,0.55,0.0,0.0,0.0,0.31,0.3973913043478261,0.911304347826087,0.0,0.43565217391304356,0.34304347826086956,0.7765217391304347,0.12218530603905572,0.18592042158422334,0.0,0.3348110197892716,0.27573760225337907,0.2756250532162748,signal
0.53,1.49,0.0,1.78,1.39,1.57,0.11,0.8,0.0,1.16,0.64,0.99,0.31695652173913047,1.0969565217391304,0.0,1.3956521739130436,0.9569565217391304,1.3943478260869566,0.1166749479462531,0.18523780250872354,0.0,0.14662339162743446,0.1846725549971353,0.14531552150583857,signal
0.56,1.39,0.0,1.63,1.37,1.58,0.1,0.73,0.0,1.0,0.77,1.18,0.37,1.0095652173913043,0.0,1.3404347826086955,1.041304347826087,1.3800000000000001,0.1140175425099138,0.15668376550090152,0.0,0.1649925139037186,0.1450800515021742,0.11176273569893094,signal
0.0,0.0,1.03,0.98,1.52,0.32,0.0,0.0,0.39,0.19,0.06,0.0,0.0,0.0,0.7665217391304348,0.5965217391304347,0.7165217391304348,0.09782608695652174,0.0,0.0,0.20055850870760822,0.21150131518293372,0.3150412483188392,0.09070213597460498,signal
0.14,0.0,1.59,1.12,1.46,0.37,0.0,0.0,0.31,0.0,0.0,0.0,0.006086956521739131,0.0,0.7499999999999999,0.548695652173913,0.31869565217391305,0.08,0.02919201796799047,0.0,0.24648437162332518,0.2798750426988654,0.3160452261627078,0.10090499582190258,signal
0.0,0.0,0.04,0.0,0.0,0.0,0.0,0.0,0.0,0.0,0.0,0.0,0.0,0.0,0.0026086956521739132,0.0,0.0,0.0,0.0,0.0,0.008643121965600912,0.0,0.0,0.0,signal
2.66,0.7,0.0,0.84,0.28,1.58,1.54,0.0,0.0,0.45,0.0,0.23,1.8,0.37636363636363634,0.0,0.63,0.012727272727272728,1.3254545454545457,0.2883945709811968,0.194092404467206,0.0,0.09763879010584539,0.05969620057957092,0.27260170269403733,neutral
2.34,0.87,0.0,1.09,0.0,1.48,1.62,0.0,0.0,0.5,0.0,0.92,1.948636363636364,0.0990909090909091,0.0,0.8204545454545454,0.0,1.2104545454545454,0.19878908311851426,0.21729745009590382,0.0,0.14939488334220544,0.0,0.13653805584027,neutral
2.56,0.67,0.0,1.18,0.0,1.56,1.49,0.0,0.0,0.09,0.0,1.01,2.1927272727272733,0.05136363636363637,0.0,0.714090909090909,0.0,1.2677272727272728,0.3024531733639475,0.1540653990555543,0.0,0.20520974382577195,0.0,0.14998196139732517,neutral
2.78,0.42,0.0,0.93,0.0,1.59,1.48,0.0,0.0,0.37,0.0,0.65,2.2318181818181824,0.03727272727272727,0.0,0.6227272727272728,0.0,1.245,0.33458768319966253,0.10443415871492191,0.0,0.15297624522039882,0.0,0.23421093463961476,neutral
2.76,0.22,0.0,0.99,0.67,1.39,1.69,0.0,0.0,0.42,0.0,0.15,2.2827272727272723,0.019545454545454546,0.0,0.709090909090909,0.04772727272727273,1.055909090909091,0.285843477285198,0.051591552716392555,0.0,0.15571368997860544,0.16082915567774808,0.2970114490483504,neutral
2.34,0.33,0.0,0.87,0.0,1.67,1.07,0.0,0.0,0.48,0.0,0.79,1.5626086956521739,0.09347826086956522,0.0,0.6660869565217391,0.0,1.37,0.312587695205163,0.11467775783600101,0.0,0.10378032439352507,0.0,0.196283653744454,neutral
2.24,0.24,0.0,1.05,0.0,1.57,1.48,0.0,0.0,0.53,0.0,0.67,1.8750000000000002,0.04954545454545455,0.0,0.781818181818182,0.0,1.3581818181818184,0.21270928069841735,0.08785687889306772,0.0,0.17089780749342748,0.0,0.2053947735143545,neutral
2.0,0.4,0.0,1.11,0.0,1.85,0.89,0.0,0.0,0.68,0.0,0.76,1.3743478260869566,0.09130434782608696,0.0,0.8791304347826088,0.0,1.5030434782608695,0.280856257103434,0.11821799385519213,0.0,0.10646864854279707,0.0,0.2592021812234383,neutral
1.39,0.79,0.0,1.13,0.0,1.61,0.67,0.12,0.0,0.5,0.0,1.28,1.0627272727272727,0.33090909090909093,0.0,0.7918181818181819,0.0,1.440909090909091,0.19099194244240272,0.1778417994390116,0.0,0.17694864371003954,0.0,0.09870152654336883,neutral
0.99,1.45,0.0,1.31,0.0,1.53,0.48,0.65,0.0,0.55,0.0,0.76,0.6960869565217392,1.033478260869565,0.0,0.862608695652174,0.0,1.0604347826086957,0.14060709701585228,0.24886302723408046,0.0,0.2224495324032019,0.0,0.20842435429299186,neutral
0.9,1.37,0.0,1.05,0.0,1.4,0.38,0.61,0.0,0.42,0.0,0.02,0.6430434782608695,0.8800000000000001,0.0,0.7982608695652172,0.0,0.76,0.11494800336787443,0.19769121928355388,0.0,0.15879237942308772,0.0,0.3697788036601931,neutral
1.37,1.57,0.43,1.99,0.13,1.26,0.0,0.34,0.0,0.56,0.0,0.06,0.7565217391304349,0.996521739130435,0.01956521739130435,0.8104347826086957,0.005652173913043478,0.59,0.37040038159773414,0.28542804690582585,0.08956857509343762,0.30457837117845926,0.027106873827419713,0.319872133544299,neutral
1.31,1.09,0.0,0.94,0.0,1.21,0.0,0.21,0.0,0.36,0.0,0.0,0.6847826086956522,0.7999999999999999,0.0,0.6873913043478261,0.0,0.5234782608695653,0.3187456889579042,0.1899521470839911,0.0,0.14210167266958565,0.0,0.4104721084052559,neutral
2.58,1.19,0.0,1.31,0.0,1.5,1.26,0.07,0.0,0.6,0.0,0.58,1.6630434782608692,0.8765217391304347,0.0,1.0021739130434784,0.0,1.2056521739130437,0.3036809746878321,0.2799774129794333,0.0,0.2050045791448467,0.0,0.19532783833052947,neutral
2.26,2.13,0.0,1.14,0.77,1.38,1.57,0.58,0.0,0.34,0.0,0.08,1.9322727272727265,1.055909090909091,0.0,0.7681818181818181,0.035,0.8172727272727272,0.17851055239401759,0.3058113189052406,0.0,0.2490484053855961,0.16416455159382007,0.4037701116109302,neutral
2.03,1.38,0.0,1.06,0.28,1.62,1.36,0.66,0.0,0.55,0.0,0.26,1.7843478260869567,1.0078260869565216,0.0,0.7943478260869566,0.012173913043478262,1.1943478260869564,0.20871524940925704,0.18630269899326182,0.0,0.1306913813307909,0.05838403593598094,0.34381319038312497,neutral
1.98,1.54,0.02,1.68,0.87,1.36,1.02,0.89,0.0,0.47,0.0,0.0,1.6381818181818182,1.315,0.0009090909090909091,0.7190909090909091,0.08363636363636363,0.9286363636363636,0.20772317576264268,0.17053836323048646,0.004264014327112209,0.25012204813058553,0.22613829427703777,0.3741058604261564,neutral
1.75,1.54,0.0,1.93,1.17,1.14,1.15,1.16,0.0,0.44,0.0,0.56,1.46304347826087,1.3617391304347826,0.0,0.7121739130434783,0.0608695652173913,0.9004347826086958,0.14845981343627507,0.10329358749405165,0.0,0.30170660826431317,0.2464827680401034,0.17953167005673312,neutral
1.57,1.82,0.0,1.06,0.59,1.38,1.01,1.03,0.0,0.47,0.0,0.0,1.2604545454545457,1.4336363636363638,0.0,0.7677272727272727,0.07954545454545453,0.7863636363636363,0.16473578478241693,0.22537894976166473,0.0,0.15221950998731806,0.1678853711182062,0.287990500083819,neutral
1.62,2.11,0.02,1.87,1.53,1.0,0.96,1.16,0.0,0.53,0.0,0.2,1.1908695652173913,1.5669565217391304,0.0008695652173913044,0.7973913043478262,0.28565217391304343,0.6834782608695652,0.14425082459125468,0.26135024884084185,0.004170288281141495,0.3091809912906906,0.4613599076934161,0.21607256137384992,neutral
1.54,2.1,1.09,2.41,1.28,1.33,0.09,0.4,0.0,0.37,0.0,0.0,0.9881818181818184,1.2909090909090908,0.13272727272727272,1.055909090909091,0.4636363636363637,0.6722727272727272,0.395758901637232,0.43065740544637204,0.31500841739595314,0.5568932452275629,0.525697228219415,0.38381458591830037,neutral
1.31,2.39,0.6,2.38,1.06,1.14,0.27,0.37,0.0,0.69,0.0,0.31,1.0308695652173914,1.792173913043478,0.048260869565217385,1.2460869565217392,0.18608695652173915,0.83,0.22459889588246099,0.44288266988959674,0.16047237581343865,0.3756417433773687,0.30590757859248313,0.23308211584605268,neutral
1.19,2.69,0.19,1.68,1.13,1.26,0.14,1.2,0.0,0.41,0.0,0.27,0.7545454545454546,1.9813636363636364,0.008636363636363636,0.8731818181818181,0.15318181818181817,0.7127272727272728,0.25224189585787293,0.3631252631117212,0.04050813610756598,0.2863129550423945,0.2990522547687127,0.24305950316315977,neutral
0.0,0.57,0.91,0.24,1.05,0.81,0.0,0.01,0.5,0.0,0.15,0.09,0.0,0.28956521739130436,0.6882608695652174,0.024782608695652176,0.6956521739130435,0.4865217391304348,0.0,0.15128174380243353,0.10662816334060764,0.05615478326727355,0.19121206901230992,0.1641398709430514,neutral
0.0,0.52,0.72,0.16,1.18,0.64,0.0,0.0,0.33,0.0,0.3,0.03,0.0,0.15869565217391304,0.4830434782608697,0.01173913043478261,0.6817391304347826,0.42869565217391303,0.0,0.18181669959870142,0.1002467311917177,0.036263201221704774,0.2289035559895565,0.13098592387338584,neutral
0.0,0.22,0.73,0.16,0.81,0.67,0.0,0.0,0.37,0.0,0.08,0.23,0.0,0.029130434782608693,0.5100000000000001,0.011304347826086957,0.5456521739130435,0.4208695652173913,0.0,0.05656155484218947,0.10370412457827054,0.034942075161627,0.17172457035392782,0.1233956328783103,neutral
0.0,0.13,0.73,0.0,1.11,0.59,0.0,0.0,0.34,0.0,0.19,0.14,0.0,0.006956521739130435,0.53,0.0,0.5130434782608695,0.37391304347826093,0.0,0.027208752370029704,0.11560119533826788,0.0,0.225276290618042,0.11199590619282729,neutral
0.0,0.11,0.67,0.02,0.85,0.63,0.0,0.0,0.3,0.0,0.18,0.13,0.0,0.005652173913043478,0.4843478260869565,0.0008695652173913044,0.49913043478260877,0.3526086956521739,0.0,0.023125367212125568,0.09759965009980694,0.004170288281141495,0.17549703554808557,0.13094819903320368,neutral
0.0,0.0,0.54,0.0,0.64,0.47,0.0,0.0,0.27,0.0,0.0,0.13,0.0,0.0,0.4308695652173914,0.0,0.35695652173913045,0.26608695652173914,0.0,0.0,0.07733710408325482,0.0,0.17566587040092738,0.08370614892341502,neutral
0.0,0.1,0.56,0.12,0.72,0.58,0.0,0.0,0.28,0.0,0.0,0.18,0.0,0.004347826086956522,0.4373913043478261,0.008695652173913044,0.378695652173913,0.3378260869565218,0.0,0.020851441405707473,0.082584248514876,0.02943472714423111,0.1824904567324521,0.09652868258328622,neutral
0.0,0.05,0.65,0.1,0.76,0.5,0.0,0.0,0.29,0.0,0.28,0.18,0.0,0.003913043478260869,0.45739130434782604,0.005652173913043478,0.49478260869565227,0.3847826086956522,0.0,0.011961730809233634,0.09996442054798334,0.021495472452783625,0.14377601156652067,0.07680373838068699,neutral
0.0,0.01,0.7,0.08,0.58,0.61,0.0,0.0,0.29,0.0,0.0,0.17,0.0,0.0004347826086956522,0.49391304347826076,0.006086956521739131,0.30130434782608695,0.4017391304347827,0.0,0.0020851441405707475,0.10373651633891698,0.020391426548425736,0.16923099726345234,0.11918862719972463,neutral
0.0,0.15,0.63,0.04,0.74,0.61,0.0,0.0,0.28,0.0,0.19,0.26,0.0,0.009130434782608695,0.5204347826086956,0.0030434782608695656,0.5156521739130434,0.4321739130434783,0.0,0.03315432831721987,0.07962858445590121,0.010195713274212866,0.1435848208917427,0.10505221739423991,neutral
0.0,0.0,0.69,0.04,0.78,0.66,0.0,0.0,0.44,0.0,0.22,0.24,0.0,0.0,0.5656521739130433,0.0017391304347826088,0.5356521739130434,0.43130434782608695,0.0,0.0,0.0686112955818714,0.00834057656228299,0.14386945114350028,0.10358590408782317,neutral
0.0,0.0,0.69,0.1,0.85,0.65,0.0,0.0,0.32,0.0,0.32,0.12,0.0,0.0,0.49913043478260877,0.004347826086956522,0.6243478260869566,0.3804347826086957,0.0,0.0,0.09908274978192635,0.020851441405707473,0.13743845190935872,0.13316013124565357,neutral
0.0,0.48,0.77,0.83,0.88,0.85,0.0,0.0,0.24,0.0,0.0,0.0,0.0,0.10869565217391303,0.4956521739130435,0.2995652173913044,0.44565217391304346,0.49826086956521726,0.0,0.16482233817676328,0.16381325528996624,0.29468748100733866,0.29098306865702567,0.2274493384932734,neutral
0.0,0.0,1.11,0.41,0.7,0.53,0.0,0.0,0.53,0.0,0.09,0.05,0.0,0.0,0.76,0.049130434782608694,0.3878260869565217,0.3082608695652174,0.0,0.0,0.14374851777891962,0.11273109772931743,0.1595720561587127,0.14144231634753066,neutral
0.0,0.1,0.83,0.21,0.79,0.63,0.0,0.0,0.46,0.0,0.13,0.12,0.0,0.004782608695652174,0.6608695652173913,0.048695652173913036,0.44652173913043475,0.4273913043478262,0.0,0.020860917180523207,0.08959063686255798,0.060700782369234374,0.1856587459843309,0.12199915764628527,neutral
0.0,0.0,0.7,0.17,0.76,0.71,0.0,0.0,0.44,0.0,0.12,0.22,0.0,0.0,0.5599999999999998,0.01391304347826087,0.40608695652173915,0.4604347826086956,0.0,0.0,0.08146387933534491,0.037506257712399585,0.14810128998378663,0.13669735186866325,neutral
0.0,0.0,0.8,0.06,0.58,0.62,0.0,0.0,0.47,0.0,0.01,0.23,0.0,0.0,0.6304347826086957,0.005652173913043478,0.3230434782608696,0.3943478260869566,0.0,0.0,0.08885525824055686,0.015616450230015823,0.1423323505873328,0.0921375496919747,neutral
0.0,0.0,0.74,0.14,0.59,0.67,0.0,0.0,0.44,0.0,0.13,0.24,0.0,0.0,0.6082608695652173,0.022608695652173914,0.3808695652173913,0.44086956521739135,0.0,0.0,0.0767316560200099,0.044129704622164936,0.1493900642758675,0.10999640669660991,neutral
0.0,0.0,0.86,0.13,0.82,0.64,0.0,0.0,0.41,0.0,0.1,0.19,0.0,0.0,0.6147826086956522,0.03130434782608696,0.4004347826086955,0.40478260869565214,0.0,0.0,0.11520217663732003,0.04170288281141495,0.18462439169271522,0.11704193363597944,neutral
0.0,0.0,0.75,0.22,0.89,0.77,0.0,0.0,0.26,0.0,0.2,0.21,0.0,0.0,0.5686956521739129,0.03173913043478261,0.4847826086956522,0.468695652173913,0.0,0.0,0.10988855295774098,0.05532155374083772,0.1864469109234191,0.13682451760046804,neutral
0.0,0.0,0.96,0.13,0.83,0.59,0.0,0.0,0.43,0.0,0.0,0.04,0.0,0.0,0.6226086956521739,0.020869565217391306,0.3947826086956522,0.2982608695652173,0.0,0.0,0.1391277173647668,0.03848412228418611,0.19787207909099877,0.13350696862687264,neutral
0.17,0.0,1.37,0.0,1.14,0.01,0.0,0.0,1.05,0.0,0.5,0.0,0.02565217391304348,0.0,1.2082608695652173,0.0,0.8552173913043477,0.0004347826086956522,0.04878767420312427,0.0,0.07761514460423789,0.0,0.18158067491331856,0.0020851441405707475,neutral
0.0,0.0,1.35,0.2,0.95,0.0,0.0,0.0,1.0,0.0,0.31,0.0,0.0,0.0,1.1760869565217391,0.008695652173913044,0.5847826086956521,0.0,0.0,0.0,0.08809804096649589,0.041702882811414946,0.1638144617108412,0.0,neutral
0.13,0.0,1.44,0.0,1.04,0.0,0.0,0.0,1.1,0.0,0.46,0.0,0.01956521739130435,0.0,1.2639130434782608,0.0,0.7239130434782609,0.0,0.03673965666063718,0.0,0.08167224578291757,0.0,0.14599935026115646,0.0,neutral
0.0,0.0,1.34,0.09,1.03,0.0,0.0,0.0,0.93,0.0,0.33,0.0,0.0,0.0,1.0991304347826085,0.007391304347826086,0.7234782608695652,0.0,0.0,0.0,0.105568290843513,0.020274792074788075,0.16269348468968975,0.0,neutral
0.04,0.0,1.28,0.17,1.04,0.0,0.0,0.0,1.05,0.0,0.59,0.0,0.002608695652173913,0.0,1.1834782608695653,0.01173913043478261,0.8056521739130436,0.0,0.0091539317456032,0.0,0.06336106458961098,0.037857648910460194,0.12350289238263804,0.0,neutral
0.13,0.0,1.38,0.11,1.36,0.04,0.0,0.0,1.15,0.0,0.46,0.0,0.013043478260869568,0.0,1.293478260869565,0.01173913043478261,0.9491304347826086,0.0034782608695652175,0.031396986336082365,0.0,0.0715801328234292,0.03270420794624607,0.19423306158694695,0.011524162620801217,neutral
0.72,0.0,1.44,0.02,1.56,0.03,0.0,0.0,0.91,0.0,0.31,0.0,0.2573913043478261,0.0,1.1652173913043478,0.0013043478260869564,0.9647826086956522,0.0013043478260869564,0.20701816765475062,0.0,0.14478415173245093,0.0045769658728016,0.29045214854238105,0.006255432421712241,neutral
0.33,0.0,1.42,0.0,1.27,0.0,0.0,0.0,0.98,0.0,0.76,0.0,0.14695652173913046,0.0,1.2230434782608695,0.0,1.0165217391304346,0.0,0.09309988685710809,0.0,0.11043034755029549,0.0,0.12419225183166527,0.0,neutral
0.21,0.0,1.38,0.0,1.32,0.0,0.0,0.0,1.05,0.0,0.61,0.0,0.060000000000000005,0.0,1.1430434782608698,0.0,1.038695652173913,0.0,0.0652268767805531,0.0,0.09378092375360271,0.0,0.162321352088607,0.0,neutral
0.0,0.0,1.2,0.0,1.24,0.0,0.0,0.0,1.0,0.0,0.71,0.0,0.0,0.0,1.08,0.0,0.9691304347826089,0.0,0.0,0.0,0.055759222637075084,0.0,0.1460358935790744,0.0,neutral
0.53,0.0,1.42,0.01,1.52,0.0,0.0,0.0,1.02,0.0,0.66,0.0,0.09782608695652174,0.0,1.208695652173913,0.0004347826086956522,0.9747826086956521,0.0,0.1492087165909531,0.0,0.09171618018381428,0.0020851441405707475,0.22611078469750562,0.0,neutral
0.39,0.0,1.41,0.0,1.2,0.0,0.0,0.0,1.07,0.0,0.65,0.0,0.13695652173913045,0.0,1.2213043478260872,0.0,0.9521739130434783,0.0,0.09201950300238709,0.0,0.08971187961398155,0.0,0.15048275412331324,0.0,neutral
0.42,0.0,1.39,0.0,1.17,0.0,0.0,0.0,1.08,0.0,0.5,0.0,0.11869565217391306,0.0,1.25304347826087,0.0,0.8352173913043479,0.0,0.0986409627167725,0.0,0.09531930943407083,0.0,0.19237438794792805,0.0,neutral
0.32,0.0,1.31,0.0,1.12,0.0,0.0,0.0,1.02,0.0,0.57,0.0,0.1226086956521739,0.0,1.1656521739130434,0.0,0.8034782608695654,0.0,0.09822133592066198,0.0,0.08354781358090825,0.0,0.14864872245581878,0.0,neutral
0.0,0.0,1.59,1.31,1.1,0.53,0.0,0.0,0.6,0.0,0.0,0.0,0.0,0.0,1.0539130434782609,0.33608695652173914,0.5504347826086956,0.11130434782608696,0.0,0.0,0.24671918395460313,0.444325220064955,0.25911524745265496,0.16479475796567206,neutral
0.27,0.0,1.88,0.75,1.03,0.22,0.0,0.0,1.1,0.0,0.15,0.0,0.060000000000000005,0.0,1.454090909090909,0.2468181818181818,0.6590909090909092,0.010454545454545454,0.08815570640309435,0.0,0.23625367905241365,0.2575597270285341,0.25284870482655736,0.04685105809927503,neutral
0.46,0.0,1.39,0.11,1.06,0.0,0.04,0.0,1.04,0.0,0.4,0.0,0.22608695652173919,0.0,1.2386956521739132,0.004782608695652174,0.7956521739130435,0.0,0.1219067874325888,0.0,0.09859487114754395,0.022936585546278223,0.1781425906646012,0.0,neutral
0.44,0.0,1.42,0.0,1.13,0.0,0.0,0.0,1.04,0.0,0.62,0.0,0.22434782608695655,0.0,1.2082608695652173,0.0,0.8708695652173913,0.0,0.11276790673996673,0.0,0.07321526007807656,0.0,0.1469357634378884,0.0,neutral
0.36,0.0,1.31,0.0,0.92,0.0,0.0,0.0,0.92,0.0,0.29,0.0,0.19173913043478258,0.0,1.14,0.0,0.5986956521739131,0.0,0.07661308776828736,0.0,0.10211401827013139,0.0,0.17874065386440074,0.0,neutral
0.49,0.0,1.42,0.0,1.56,0.0,0.03,0.0,1.08,0.0,0.37,0.0,0.2504347826086956,0.0,1.2708695652173911,0.0,1.0534782608695654,0.0,0.11076093259684716,0.0,0.0859657988799912,0.0,0.25284937477500447,0.0,neutral
0.37,0.0,1.34,0.0,1.29,0.0,0.01,0.0,1.07,0.0,0.65,0.0,0.24130434782608695,0.0,1.2078260869565218,0.0,1.0252173913043479,0.0,0.0996039588400019,0.0,0.07873756881618206,0.0,0.179794568762579,0.0,neutral
0.52,0.0,1.42,0.0,1.35,0.0,0.16,0.0,1.07,0.0,0.73,0.0,0.34782608695652173,0.0,1.235217391304348,0.0,1.08,0.0,0.0980239544814119,0.0,0.07768640721266913,0.0,0.1799242264752784,0.0,neutral
0.5,0.0,1.46,0.0,1.34,0.0,0.14,0.0,1.14,0.0,0.72,0.0,0.29043478260869565,0.0,1.3152173913043477,0.0,1.041304347826087,0.0,0.09017549863105655,0.0,0.07774489548969475,0.0,0.1643804995022244,0.0,neutral
0.69,0.0,1.38,0.0,1.28,0.0,0.21,0.0,1.13,0.0,0.47,0.0,0.4617391304347826,0.0,1.2691304347826087,0.0,0.8839130434782606,0.0,0.11436195226771102,0.0,0.06888152169936838,0.0,0.22155933189420646,0.0,neutral
0.38,0.0,1.51,0.63,1.63,0.14,0.0,0.0,1.17,0.0,0.74,0.0,0.15,0.0,1.316086956521739,0.15521739130434783,1.1078260869565215,0.011304347826086957,0.11708582710597773,0.0,0.09277240628327443,0.19810166272574178,0.21110007367767394,0.03388541491369875,neutral
0.32,0.0,1.33,0.0,1.3,0.0,0.03,0.0,1.0,0.0,0.73,0.0,0.16869565217391305,0.0,1.161304347826087,0.0,1.0143478260869565,0.0,0.07823649159184472,0.0,0.07521510654758408,0.0,0.14122277974104094,0.0,neutral
0.38,0.0,1.59,0.03,1.2,0.22,0.0,0.0,1.14,0.0,0.25,0.0,0.1308695652173913,0.0,1.3139130434782609,0.0013043478260869564,0.692608695652174,0.02521739130434783,0.10616937768911185,0.0,0.10452225210820304,0.006255432421712241,0.2463039030308317,0.06148684746404872,neutral
0.33,0.0,1.57,0.53,1.58,0.02,0.01,0.0,1.16,0.0,1.0,0.0,0.21304347826086958,0.0,1.3208695652173912,0.15043478260869564,1.3169565217391304,0.0008695652173913044,0.09734824005546906,0.0,0.11831825508418392,0.1780826738769886,0.14545960959563797,0.004170288281141495,neutral
0.0,0.0,0.0,0.0,0.31,0.12,0.0,0.0,0.0,0.0,0.0,0.0,0.0,0.0,0.0,0.0,0.1382608695652174,0.01434782608695652,0.0,0.0,0.0,0.0,0.10696865190381048,0.031163219427063186,neutral
0.0,0.18,0.0,0.0,0.57,0.12,0.0,0.0,0.0,0.0,0.03,0.0,0.0,0.02521739130434783,0.0,0.0,0.28521739130434776,0.043043478260869565,0.0,0.04581281730311958,0.0,0.0,0.14048194854006207,0.03611028342688493,neutral
0.0,0.16,0.0,0.0,0.63,0.2,0.0,0.0,0.0,0.0,0.07,0.0,0.0,0.03695652173913044,0.0,0.0,0.27782608695652167,0.0865217391304348,0.0,0.057400885533927526,0.0,0.0,0.1191620944054065,0.06300134887821299,neutral
0.0,0.1,0.04,0.0,0.22,0.1,0.0,0.0,0.0,0.0,0.0,0.0,0.0,0.004347826086956522,0.00391304347826087,0.0,0.0391304347826087,0.03217391304347826,0.0,0.020851441405707473,0.009409439377939295,0.0,0.06953828530047058,0.0369220951019761,neutral
0.0,0.26,0.0,0.19,0.63,0.18,0.0,0.0,0.0,0.0,0.0,0.0,0.0,0.05478260869565217,0.0,0.0191304347826087,0.2595652173913044,0.05913043478260871,0.0,0.08958843093012477,0.0,0.04378802695198569,0.2248732625051794,0.06338289441440668,neutral
0.0,0.09,0.0,0.16,0.42,0.19,0.0,0.0,0.0,0.0,0.0,0.0,0.0,0.007391304347826088,0.0,0.022608695652173914,0.10782608695652174,0.05826086956521741,0.0,0.021366369348357592,0.0,0.047118553699862196,0.13547748963436124,0.061322706302807575,neutral
0.0,0.24,0.0,0.27,0.27,0.27,0.0,0.0,0.0,0.0,0.0,0.0,0.0,0.017391304347826087,0.0,0.12347826086956523,0.07565217391304348,0.11565217391304349,0.0,0.056666279158560345,0.0,0.09340083198248163,0.09750646071631831,0.08742924864018081,neutral
0.0,0.23,0.0,0.27,0.72,0.19,0.0,0.0,0.0,0.0,0.0,0.0,0.0,0.02826086956521739,0.0,0.07260869565217393,0.17217391304347826,0.09782608695652174,0.0,0.05741809771025188,0.0,0.0829686354377554,0.22160481865738818,0.05460240768410479,neutral
0.0,0.0,0.0,0.0,0.61,0.26,0.0,0.0,0.0,0.0,0.13,0.0,0.0,0.0,0.0,0.0,0.4282608695652175,0.11739130434782608,0.0,0.0,0.0,0.0,0.13513132245449386,0.07617070489751937,neutral
0.0,0.15,0.0,0.0,0.97,0.2,0.0,0.0,0.0,0.0,0.14,0.0,0.0,0.006521739130434782,0.0,0.0,0.5034782608695653,0.0817391304347826,0.0,0.03127716210856121,0.0,0.0,0.24246103146414297,0.06457217061080807,neutral
0.0,0.0,0.37,0.12,0.0,0.06,0.0,0.0,0.06,0.0,0.0,0.0,0.0,0.0,0.18782608695652178,0.01652173913043478,0.0,0.0034782608695652175,0.0,0.0,0.08039428528645161,0.0351113418158673,0.0,0.013006535298622317,neutral
0.0,0.0,0.45,0.14,0.0,0.02,0.0,0.0,0.11,0.0,0.0,0.0,0.0,0.0,0.24695652173913046,0.021304347826086957,0.0,0.0013043478260869564,0.0,0.0,0.09047524938339846,0.03876553621993346,0.0,0.0045769658728016,neutral
0.0,0.0,0.28,0.27,0.0,0.05,0.0,0.0,0.06,0.0,0.0,0.0,0.0,0.0,0.16652173913043483,0.09782608695652176,0.0,0.002173913043478261,0.0,0.0,0.061393566116282154,0.07839042855181715,0.0,0.010425720702853736,neutral
0.0,0.0,0.39,0.46,0.0,0.3,0.0,0.0,0.09,0.11,0.0,0.0,0.0,0.0,0.2121739130434783,0.29869565217391303,0.0,0.09695652173913043,0.0,0.0,0.08485048463670083,0.07950439369368709,0.0,0.08406895344184037,neutral
0.0,0.92,0.25,0.44,0.0,0.15,0.0,0.0,0.0,0.0,0.0,0.0,0.0,0.14956521739130432,0.04521739130434783,0.06434782608695652,0.0,0.05565217391304349,0.0,0.2827861103196607,0.06940458232300538,0.1281982160901456,0.0,0.04897365590122934,neutral
0.0,0.12,0.29,0.42,0.13,0.4,0.0,0.0,0.0,0.0,0.0,0.11,0.0,0.012608695652173915,0.11739130434782609,0.1691304347826087,0.01652173913043478,0.24695652173913046,0.0,0.03414106981659105,0.0758118119427278,0.10526646031848981,0.03832975294042878,0.07080284936540951,neutral
0.0,0.04,0.21,0.47,0.0,0.3,0.0,0.0,0.0,0.04,0.0,0.06,0.0,0.0017391304347826088,0.07086956521739132,0.2782608695652174,0.0,0.19869565217391302,0.0,0.00834057656228299,0.06815177203580661,0.10516878961127392,0.0,0.06975960981868617,neutral
0.98,1.55,0.22,1.38,0.92,0.78,0.55,0.76,0.0,0.65,0.0,0.46,0.7339130434782608,1.157826086956522,0.034782608695652174,0.8813043478260868,0.43086956521739134,0.6417391304347826,0.12213030040362562,0.2298607586767403,0.060892570469146076,0.16695955819043798,0.2581562783114533,0.11080909767019229,neutral
0.87,1.3,0.1,1.06,0.62,0.81,0.17,0.45,0.0,0.53,0.0,0.55,0.48260869565217396,0.8334782608695654,0.019130434782608695,0.8043478260869567,0.20608695652173914,0.6856521739130436,0.1702996661317484,0.18199921817145195,0.03666966091499284,0.1230235042936741,0.19109110465084408,0.06465475353096782,neutral
0.89,1.08,0.0,0.76,0.47,1.14,0.26,0.45,0.0,0.16,0.0,0.57,0.5256521739130434,0.7721739130434785,0.0,0.46565217391304353,0.19956521739130434,0.9121739130434782,0.16073202110561435,0.17840088976895754,0.0,0.16876088751292523,0.14549221350204045,0.1286982560360449,neutral
0.82,1.06,0.0,0.5,0.41,0.98,0.26,0.41,0.0,0.0,0.0,0.61,0.4991304347826087,0.7334782608695652,0.0,0.21826086956521737,0.17130434782608697,0.7526086956521738,0.12515129184232326,0.1884291208832593,0.0,0.1599332864868418,0.1400098810742262,0.1154523668525583,neutral
0.62,1.13,0.0,0.48,0.37,0.88,0.25,0.32,0.0,0.0,0.0,0.36,0.44826086956521743,0.8043478260869565,0.0,0.2147826086956522,0.08086956521739132,0.6391304347826087,0.10039251031069109,0.2473831420536412,0.0,0.12961023967746146,0.10103613410684771,0.12224837026161353,neutral
0.74,1.29,0.0,0.64,0.52,0.75,0.12,0.54,0.0,0.06,0.0,0.3,0.4321739130434783,0.8308695652173913,0.0,0.27956521739130435,0.14652173913043476,0.5478260869565217,0.17619608193299174,0.20788792967449513,0.0,0.15700255530258575,0.15319650766409237,0.12358127696301847,neutral
0.69,1.19,0.0,1.54,1.15,1.43,0.17,0.78,0.0,1.1,0.66,0.78,0.5186956521739131,0.9747826086956521,0.0,1.2969565217391303,0.9291304347826086,1.2156521739130435,0.14062536780803897,0.12298815778977151,0.0,0.13175165283105716,0.13691115378821606,0.17395992451127465,neutral
1.11,2.39,0.0,0.95,0.22,0.9,0.6,0.0,0.0,0.0,0.0,0.08,0.8704347826086957,1.4269565217391305,0.0,0.1843478260869565,0.009565217391304347,0.3834782608695652,0.13005167717172228,0.6516931429508599,0.0,0.25713148541264613,0.045873171092556446,0.22586417269219322,neutral
0.94,1.89,0.0,0.09,0.07,0.34,0.43,1.27,0.0,0.0,0.0,0.06,0.6947826086956521,1.563043478260869,0.0,0.003913043478260869,0.0030434782608695656,0.2317391304347826,0.11163534652109686,0.177006286036521,0.0,0.01876629726513673,0.014596008983995238,0.06665052505508548,neutral
0.84,2.2,0.0,0.96,0.57,0.95,0.27,1.35,0.0,0.15,0.0,0.03,0.5804347826086956,1.7356521739130435,0.0,0.5295652173913045,0.12869565217391304,0.5313043478260869,0.16595394379902695,0.21729381213121055,0.0,0.24200823165694862,0.17659157675335807,0.24316669082275988,neutral
0.68,1.67,0.16,2.16,1.49,1.42,0.19,0.79,0.0,1.42,0.58,0.88,0.3926086956521739,1.3717391304347828,0.023043478260869565,1.787391304347826,0.936086956521739,1.1608695652173915,0.1310869729088408,0.21814615980019705,0.04752365751618257,0.15542368461444492,0.21016744688753608,0.14022426983158934,neutral
0.62,1.33,0.0,1.89,1.25,1.17,0.05,0.8,0.0,1.37,0.51,0.72,0.3895652173913043,1.0969565217391304,0.0,1.6282608695652172,0.8247826086956521,0.9613043478260871,0.13316013124565357,0.16321861476416716,0.0,0.15384916385015324,0.19455939885750692,0.12945003767077254,neutral
0.63,1.37,0.0,1.7,1.2,1.35,0.14,0.71,0.0,1.1,0.66,0.86,0.45521739130434785,1.012173913043478,0.0,1.3291304347826087,0.9191304347826087,1.0778260869565217,0.11575324716503209,0.16752086767540145,0.0,0.1500276654329358,0.15429938559585035,0.11500816262490124,neutral
0.79,1.29,0.0,1.61,1.4,1.46,0.0,0.52,0.0,1.15,0.9,0.87,0.39652173913043476,0.968695652173913,0.0,1.3621739130434785,1.0595652173913044,1.0982608695652174,0.2070706663667387,0.19077126589014412,0.0,0.13941294193670348,0.12088605682698837,0.15674681884297142,neutral
0.56,1.47,0.0,1.49,1.12,1.26,0.05,0.72,0.0,1.04,0.71,0.89,0.3939130434782609,0.9943478260869564,0.0,1.3330434782608696,0.9347826086956523,1.0517391304347825,0.11280470373956376,0.15450290044222242,0.0,0.12043235681979306,0.10569551315915111,0.09759155020767302,neutral
0.71,1.16,0.0,1.62,1.26,1.34,0.19,0.41,0.0,0.99,0.68,0.7,0.44739130434782615,0.8356521739130436,0.0,1.2500000000000002,0.9839130434782608,1.0378260869565217,0.14604536627999434,0.17469001342524945,0.0,0.14068016594711955,0.1671074540101989,0.1729413069575164,neutral
0.66,1.4,0.07,1.58,1.29,1.36,0.04,0.53,0.0,0.96,0.62,0.87,0.3839130434782609,0.9208695652173913,0.00391304347826087,1.2808695652173914,0.9286956521739128,1.130869565217391,0.18944270254989268,0.17799165055694097,0.01499670583063998,0.14647100375402453,0.1496451666086415,0.1444082924928879,neutral
0.67,1.15,0.0,1.5,1.24,1.65,0.11,0.66,0.0,1.08,0.75,0.95,0.3721739130434783,0.9513043478260869,0.0,1.3056521739130433,0.96,1.2665217391304349,0.15632008309697973,0.12337320866622864,0.0,0.12858764563011352,0.1317366519027467,0.16402906326879374,neutral
0.58,1.5,0.0,1.47,1.1,1.63,0.02,0.66,0.0,0.51,0.0,0.91,0.28695652173913044,1.058695652173913,0.0,1.16,0.767391304347826,1.32,0.14420423592973633,0.21617131985000157,0.0,0.24474476501040834,0.36761167000103334,0.15713341175863613,neutral
0.0,0.0,0.87,0.11,0.74,0.0,0.0,0.0,0.53,0.0,0.13,0.0,0.0,0.0,0.6704347826086956,0.010434782608695651,0.45260869565217393,0.0,0.0,0.0,0.08303768371646723,0.026539552107881486,0.1351839619086238,0.0,neutral
0.0,0.0,0.96,0.31,1.22,0.0,0.0,0.0,0.56,0.0,0.26,0.0,0.0,0.0,0.7630434782608695,0.05695652173913044,0.6656521739130434,0.0,0.0,0.0,0.10797452488302699,0.08363528956175767,0.22876796674511854,0.0,neutral
0.0,0.0,1.09,0.53,1.04,0.09,0.0,0.0,0.35,0.0,0.14,0.0,0.0,0.0,0.8230434782608695,0.21391304347826087,0.527391304347826,0.006086956521739131,0.0,0.0,0.1713432170344523,0.16626209130151276,0.24115663320574543,0.021049536905893416,neutral
0.0,0.0,1.12,0.55,1.06,0.21,0.0,0.0,0.73,0.08,0.0,0.0,0.0,0.0,0.9082608695652172,0.30521739130434783,0.5491304347826087,0.02,0.0,0.0,0.10607253838392616,0.12731027114235488,0.31921655578332087,0.04871064845315932,neutral
0.0,0.0,1.07,0.86,1.3,0.07,0.0,0.0,0.59,0.05,0.07,0.0,0.0,0.0,0.7965217391304348,0.3713043478260869,0.6934782608695652,0.005217391304347826,0.0,0.0,0.1138024083325678,0.21418565328038722,0.2957826089861541,0.016478516376673132,neutral
0.0,0.0,0.87,0.42,1.23,0.06,0.0,0.0,0.47,0.0,0.08,0.0,0.0,0.0,0.6182608695652173,0.16391304347826088,0.751304347826087,0.006521739130434782,0.0,0.0,0.10869691698868855,0.1502343360594551,0.25581073166460905,0.017479519353744963,neutral
0.0,0.0,1.0,0.62,1.25,0.24,0.0,0.0,0.29,0.0,0.27,0.0,0.0,0.0,0.6330434782608696,0.26913043478260873,0.812608695652174,0.01652173913043478,0.0,0.0,0.1845986994588457,0.1528490950244795,0.26016109329875436,0.05131087919837928,neutral
0.0,0.0,0.89,0.74,1.22,0.2,0.0,0.0,0.34,0.0,0.0,0.0,0.0,0.0,0.5956521739130436,0.32217391304347825,0.721304347826087,0.02565217391304348,0.0,0.0,0.1502672191602353,0.23393776409625644,0.26353030441274394,0.057668810457687986,neutral
0.0,0.0,1.17,0.94,1.13,0.26,0.0,0.0,0.71,0.24,0.16,0.0,0.0,0.0,0.8817391304347825,0.6130434782608695,0.7478260869565218,0.04956521739130435,0.0,0.0,0.12305402264907304,0.15339890904580347,0.23891718842498788,0.07264347939639339,neutral
0.0,0.0,0.86,0.44,1.01,0.0,0.0,0.0,0.46,0.0,0.27,0.0,0.0,0.0,0.6245454545454545,0.10500000000000002,0.6568181818181819,0.0,0.0,0.0,0.1143398140351517,0.1267449632698898,0.18208805728564575,0.0,neutral
0.18,0.0,0.97,0.28,1.42,0.0,0.0,0.0,0.41,0.0,0.11,0.0,0.007826086956521738,0.0,0.6013043478260871,0.05043478260869566,0.5178260869565218,0.0,0.03753259453027346,0.0,0.14611030539928907,0.09072827868619401,0.2527477456376242,0.0,neutral
0.0,0.0,0.95,0.52,0.96,0.0,0.0,0.0,0.36,0.0,0.43,0.0,0.0,0.0,0.7243478260869566,0.09956521739130435,0.6604347826086957,0.0,0.0,0.0,0.17898263214260665,0.1351254723604414,0.15589851771613147,0.0,neutral
0.17,0.0,0.94,0.24,1.0,0.0,0.0,0.0,0.55,0.0,0.33,0.0,0.012608695652173915,0.0,0.7617391304347826,0.041739130434782605,0.6786956521739131,0.0,0.04244969121895919,0.0,0.11296226940133769,0.06603388757524727,0.16820724089446346,0.0,neutral
0.15,0.0,0.98,0.18,0.81,0.0,0.0,0.0,0.53,0.0,0.26,0.0,0.014347826086956523,0.0,0.7965217391304347,0.019565217391304346,0.5643478260869567,0.0,0.04208498835759954,0.0,0.1157430027593333,0.044464312642997515,0.1677342618807966,0.0,neutral
0.25,0.0,1.1,0.1,1.13,0.0,0.0,0.0,0.54,0.0,0.25,0.0,0.04695652173913044,0.0,0.8273913043478259,0.015217391304347825,0.7052173913043479,0.0,0.08551633456984034,0.0,0.12785707188122028,0.029675451320362325,0.2157622758588592,0.0,neutral
0.42,0.0,0.72,0.61,1.16,0.0,0.0,0.0,0.17,0.0,0.0,0.0,0.11285714285714286,0.0,0.47928571428571426,0.22571428571428573,0.4735714285714286,0.0,0.1542439911024374,0.0,0.1648525814974507,0.2109215780519198,0.3866743241631554,0.0,neutral
0.08,0.0,0.86,0.97,0.92,0.13,0.0,0.0,0.07,0.33,0.0,0.0,0.0034782608695652175,0.0,0.6904347826086957,0.5608695652173913,0.4860869565217391,0.005652173913043478,0.01668115312456598,0.0,0.1791768618602496,0.17984622328984434,0.23013314585720673,0.027106873827419716,neutral
0.23,0.0,0.53,0.29,1.55,0.43,0.0,0.0,0.0,0.0,0.26,0.0,0.03304347826086956,0.0,0.1895652173913044,0.07782608695652174,0.8634782608695654,0.12391304347826085,0.0705455869767715,0.0,0.17415975583744853,0.08129388446970602,0.24603415682402857,0.1121581322968433,neutral
0.28,0.0,0.94,0.77,1.37,0.14,0.0,0.0,0.0,0.0,0.14,0.0,0.035217391304347825,0.0,0.4665217391304349,0.21739130434782608,0.8504347826086956,0.010869565217391304,0.0811210972008342,0.0,0.3060541944827326,0.23252013385558967,0.2863481393636006,0.0317537461609952,neutral
0.09,0.0,1.36,0.78,1.44,0.29,0.0,0.0,0.41,0.0,0.3,0.0,0.003913043478260869,0.0,0.7104347826086955,0.43260869565217397,0.7408695652173912,0.04956521739130435,0.01876629726513673,0.0,0.2901171904415927,0.22931156635983968,0.29446273175948245,0.08859911044441418,neutral
0.0,0.0,1.27,1.08,0.75,0.25,0.0,0.0,0.57,0.19,0.0,0.0,0.0,0.0,0.8843478260869565,0.5986956521739131,0.3556521739130435,0.08217391304347826,0.0,0.0,0.17320051666300543,0.2000296420721436,0.20103880419091694,0.0908023088282316,neutral
0.0,0.0,1.27,1.19,1.73,0.17,0.0,0.0,0.69,0.27,0.0,0.0,0.0,0.0,0.9381818181818183,0.6336363636363637,0.4904545454545454,0.022272727272727274,0.0,0.0,0.1576504984250911,0.26871024320854386,0.37635440836084366,0.047402211941740616,neutral
0.0,0.0,2.2,1.34,1.52,0.13,0.0,0.0,0.74,0.18,0.0,0.0,0.0,0.0,1.1504347826086956,0.6165217391304347,0.4339130434782609,0.03130434782608695,0.0,0.0,0.3084930861295328,0.2506647289191495,0.32103156359170415,0.04372479511112523,neutral
0.0,0.0,1.93,1.28,0.56,0.35,0.0,0.0,0.68,0.16,0.0,0.0,0.0,0.0,0.9995652173913044,0.6730434782608695,0.2004347826086956,0.12782608695652176,0.0,0.0,0.2574256867325468,0.24684251112084138,0.16611820164267385,0.11866517149063235,neutral
0.18,0.0,1.33,1.25,0.74,0.22,0.0,0.0,0.87,0.25,0.0,0.0,0.007826086956521738,0.0,1.0613043478260866,0.6004347826086956,0.4126086956521739,0.059565217391304354,0.03753259453027346,0.0,0.13625858931478535,0.28096389708012415,0.2613290748759006,0.07801388343048396,neutral
0.0,0.0,0.0,0.0,0.0,0.0,0.0,0.0,0.0,0.0,0.0,0.0,0.0,0.0,0.0,0.0,0.0,0.0,0.0,0.0,0.0,0.0,0.0,0.0,neutral
0.0,0.0,0.0,0.0,0.0,0.0,0.0,0.0,0.0,0.0,0.0,0.0,0.0,0.0,0.0,0.0,0.0,0.0,0.0,0.0,0.0,0.0,0.0,0.0,neutral
0.0,0.0,0.07,0.0,0.0,0.0,0.0,0.0,0.0,0.0,0.0,0.0,0.0,0.0,0.005652173913043478,0.0,0.0,0.0,0.0,0.0,0.017535959666437558,0.0,0.0,0.0,neutral
0.0,0.0,0.03,0.0,0.0,0.0,0.0,0.0,0.0,0.0,0.0,0.0,0.0,0.0,0.0013636363636363635,0.0,0.0,0.0,0.0,0.0,0.006396021490668313,0.0,0.0,0.0,neutral
0.0,0.0,0.11,0.0,0.0,0.0,0.0,0.0,0.0,0.0,0.0,0.0,0.0,0.0,0.012608695652173915,0.0,0.0,0.0,0.0,0.0,0.030632334565759377,0.0,0.0,0.0,neutral
0.0,0.0,0.15,0.0,0.0,0.0,0.0,0.0,0.0,0.0,0.0,0.0,0.0,0.0,0.030000000000000002,0.0,0.0,0.0,0.0,0.0,0.048107023544236384,0.0,0.0,0.0,neutral
0.0,0.0,0.16,0.0,0.0,0.02,0.0,0.0,0.0,0.0,0.0,0.0,0.0,0.0,0.04045454545454546,0.0,0.0,0.0009090909090909091,0.0,0.0,0.04715498991191785,0.0,0.0,0.00426401432711221,neutral
0.0,0.08,0.17,0.0,0.0,0.0,0.0,0.0,0.0,0.0,0.0,0.0,0.0,0.0036363636363636364,0.022727272727272728,0.0,0.0,0.0,0.0,0.017056057308448835,0.04377233505328812,0.0,0.0,0.0,neutral
0.0,0.0,0.1,0.0,0.0,0.01,0.0,0.0,0.0,0.0,0.0,0.0,0.0,0.0,0.005652173913043478,0.0,0.0,0.0008695652173913044,0.0,0.0,0.021495472452783628,0.0,0.0,0.0028810406552003042,neutral
0.0,0.0,0.08,0.0,0.0,0.01,0.0,0.0,0.0,0.0,0.0,0.0,0.0,0.0,0.013636363636363636,0.0,0.0,0.00045454545454545455,0.0,0.0,0.026645012853378586,0.0,0.0,0.002132007163556105,neutral
0.0,0.0,0.11,0.0,0.0,0.14,0.0,0.0,0.0,0.0,0.0,0.0,0.0,0.0,0.01652173913043478,0.0,0.0,0.006086956521739131,0.0,0.0,0.030242759562064663,0.0,0.0,0.029192017967990477,neutral
0.0,0.0,0.08,0.0,0.0,0.01,0.0,0.0,0.0,0.0,0.0,0.0,0.0,0.0,0.011818181818181818,0.0,0.0,0.00045454545454545455,0.0,0.0,0.023018908094654053,0.0,0.0,0.002132007163556105,neutral
0.0,0.0,0.05,0.0,0.0,0.07,0.0,0.0,0.0,0.0,0.0,0.0,0.0,0.0,0.005217391304347826,0.0,0.0,0.0034782608695652175,0.0,0.0,0.014100149972571635,0.0,0.0,0.014650068461575658,neutral
0.0,0.0,0.0,0.0,0.0,0.0,0.0,0.0,0.0,0.0,0.0,0.0,0.0,0.0,0.0,0.0,0.0,0.0,0.0,0.0,0.0,0.0,0.0,0.0,neutral
0.0,0.0,0.03,0.0,0.0,0.0,0.0,0.0,0.0,0.0,0.0,0.0,0.0,0.0,0.002272727272727273,0.0,0.0,0.0,0.0,0.0,0.007516216235148273,0.0,0.0,0.0,neutral
0.0,0.0,0.0,0.0,0.0,0.0,0.0,0.0,0.0,0.0,0.0,0.0,0.0,0.0,0.0,0.0,0.0,0.0,0.0,0.0,0.0,0.0,0.0,0.0,neutral
0.0,0.0,0.0,0.0,0.0,0.0,0.0,0.0,0.0,0.0,0.0,0.0,0.0,0.0,0.0,0.0,0.0,0.0,0.0,0.0,0.0,0.0,0.0,0.0,neutral
0.0,0.0,0.0,0.0,0.0,0.0,0.0,0.0,0.0,0.0,0.0,0.0,0.0,0.0,0.0,0.0,0.0,0.0,0.0,0.0,0.0,0.0,0.0,0.0,neutral
0.0,0.0,0.0,0.0,0.0,0.0,0.0,0.0,0.0,0.0,0.0,0.0,0.0,0.0,0.0,0.0,0.0,0.0,0.0,0.0,0.0,0.0,0.0,0.0,neutral
0.0,0.0,0.0,0.0,0.0,0.0,0.0,0.0,0.0,0.0,0.0,0.0,0.0,0.0,0.0,0.0,0.0,0.0,0.0,0.0,0.0,0.0,0.0,0.0,neutral
0.0,0.0,0.01,0.0,0.0,0.0,0.0,0.0,0.0,0.0,0.0,0.0,0.0,0.0,0.00045454545454545455,0.0,0.0,0.0,0.0,0.0,0.002132007163556105,0.0,0.0,0.0,neutral
0.0,0.0,0.05,0.0,0.0,0.0,0.0,0.0,0.0,0.0,0.0,0.0,0.0,0.0,0.003913043478260869,0.0,0.0,0.0,0.0,0.0,0.013052039351200886,0.0,0.0,0.0,neutral
0.0,0.0,0.1,0.0,0.0,0.0,0.0,0.0,0.0,0.0,0.0,0.0,0.0,0.0,0.008181818181818182,0.0,0.0,0.0,0.0,0.0,0.023018908094654057,0.0,0.0,0.0,neutral
0.0,0.0,0.03,0.0,0.0,0.0,0.0,0.0,0.0,0.0,0.0,0.0,0.0,0.0,0.0017391304347826088,0.0,0.0,0.0,0.0,0.0,0.006503267649311159,0.0,0.0,0.0,neutral
0.0,0.0,0.04,0.0,0.0,0.0,0.0,0.0,0.0,0.0,0.0,0.0,0.0,0.0,0.004347826086956522,0.0,0.0,0.0,0.0,0.0,0.011609591237233641,0.0,0.0,0.0,neutral
0.0,0.0,0.01,0.0,0.0,0.0,0.0,0.0,0.0,0.0,0.0,0.0,0.0,0.0,0.00045454545454545455,0.0,0.0,0.0,0.0,0.0,0.002132007163556105,0.0,0.0,0.0,neutral
0.0,0.42,0.0,0.0,0.0,0.0,0.0,0.0,0.0,0.0,0.0,0.0,0.0,0.04739130434782608,0.0,0.0,0.0,0.0,0.0,0.12314874196767644,0.0,0.0,0.0,0.0,neutral
