AU09_r_max,AU14_r_max,AU15_r_max,AU17_r_max,AU20_r_max,AU23_r_max,AU45_r_max,AU09_r_min,AU14_r_min,AU15_r_min,AU17_r_min,AU20_r_min,AU23_r_min,AU45_r_min,AU09_r_mean,AU14_r_mean,AU15_r_mean,AU17_r_mean,AU20_r_mean,AU23_r_mean,AU45_r_mean,AU09_r_sd,AU14_r_sd,AU15_r_sd,AU17_r_sd,AU20_r_sd,AU23_r_sd,AU45_r_sd,type
2.66,0.73,0.0,0.94,0.28,1.62,0.0,1.31,0.0,0.0,0.26,0.0,0.23,0.0,1.7279999999999998,0.36977777777777787,0.0,0.6391111111111111,0.006222222222222223,1.3264444444444443,0.0,0.2629863459988335,0.18034674794669708,0.0,0.11791411015538968,0.04173993557999607,0.20894927130717153,0.0,signal
2.36,0.87,0.0,1.09,0.0,1.66,0.0,1.08,0.0,0.0,0.43,0.0,0.89,0.0,1.826888888888889,0.21022222222222225,0.0,0.7317777777777777,0.0,1.2922222222222222,0.0,0.2892295582642572,0.24348314192986836,0.0,0.16408546676668354,0.0,0.1692347601422475,0.0,signal
2.52,1.27,0.0,1.72,1.27,1.56,0.88,1.41,0.0,0.0,0.09,0.0,0.03,0.0,1.9535555555555557,0.13555555555555557,0.0,0.7368888888888888,0.02822222222222222,1.304,0.019555555555555555,0.3456821684960935,0.2575986620832312,0.0,0.21477072576695513,0.1893204220949822,0.23625294610957664,0.13118265467998766,signal
2.76,0.54,0.0,0.99,0.67,1.64,0.0,1.69,0.0,0.0,0.4,0.0,0.15,0.0,2.2415555555555553,0.03066666666666667,0.0,0.6531111111111112,0.023333333333333334,1.155111111111111,0.0,0.2445492658634317,0.09606815762306943,0.0,0.1389051707628138,0.11369816501277728,0.25031454959185606,0.0,signal
2.24,0.87,0.0,1.05,0.0,1.58,0.0,1.34,0.0,0.0,0.53,0.0,0.67,0.0,1.719777777777778,0.21688888888888888,0.0,0.7819999999999999,0.0,1.3199999999999998,0.0,0.22824915502072898,0.21228007038539506,0.0,0.15551381113761392,0.0,0.22383029285599393,0.0,signal
0.9,1.37,0.0,1.16,0.0,1.4,0.0,0.28,0.61,0.0,0.42,0.0,0.0,0.0,0.5826666666666667,0.8997777777777777,0.0,0.7937777777777779,0.0,0.7004444444444444,0.0,0.1412830814036454,0.15827893802468546,0.0,0.15564074146585272,0.0,0.36100840808362167,0.0,signal
1.36,1.39,0.17,1.28,0.09,1.21,0.0,0.0,0.21,0.0,0.36,0.0,0.0,0.0,0.6995555555555556,0.8448888888888888,0.003777777777777778,0.7393333333333334,0.002,0.5182222222222223,0.0,0.38402743483645896,0.22283934512866832,0.025342103744997624,0.17453053913544497,0.01341640786499874,0.37921742916941276,0.0,signal
1.27,1.58,0.0,1.42,0.0,1.13,0.0,0.49,0.89,0.0,0.51,0.0,0.0,0.0,0.8540000000000001,1.2708,0.0,0.9676,0.0,0.7232,0.0,0.20295730257043396,0.18268643445350105,0.0,0.22143998434489343,0.0,0.27393308185272797,0.0,signal
2.58,1.88,0.0,1.82,1.23,1.55,0.38,1.26,0.0,0.0,0.74,0.0,0.16,0.0,1.741111111111111,0.6433333333333332,0.0,1.2115555555555557,0.027333333333333334,1.0795555555555556,0.008444444444444445,0.2552647664878586,0.39110565882333687,0.0,0.2763557946787533,0.18335757415498272,0.3593552025728327,0.05664705542999467,signal
2.26,2.13,0.0,1.14,0.77,1.38,0.0,1.45,0.58,0.0,0.34,0.0,0.08,0.0,1.8675555555555556,1.046,0.0,0.6891111111111111,0.01711111111111111,0.9355555555555556,0.0,0.18206087338075033,0.2387410160137397,0.0,0.19482885522499696,0.11478482284498923,0.33664491378869515,0.0,signal
1.98,1.54,0.02,1.68,0.87,1.36,0.54,1.02,0.89,0.0,0.39,0.0,0.0,0.0,1.6097777777777778,1.2782222222222221,0.00044444444444444447,0.6791111111111111,0.050444444444444445,0.8400000000000001,0.012,0.1847416979176465,0.15748432662113754,0.0029814239699997194,0.20990064989961998,0.16581692472498857,0.34128766858366383,0.08049844718999244,signal
1.2,2.13,2.73,4.75,1.26,1.68,1.01,0.22,0.26,0.0,0.31,0.0,0.0,0.0,0.7671428571428571,1.5667857142857142,0.2567857142857143,1.1060714285714286,0.17500000000000002,0.7192857142857143,0.1282142857142857,0.2602542509398744,0.44541327934626,0.7436549058855317,1.0665879807286975,0.3707200201409864,0.3604208298686059,0.3212251266799999,signal
0.0,0.52,0.78,0.16,1.18,0.75,0.0,0.0,0.0,0.33,0.0,0.3,0.03,0.0,0.0,0.156,0.5382222222222222,0.0071111111111111115,0.6906666666666668,0.4544444444444446,0.0,0.0,0.15276839273286152,0.12108015543599224,0.0265964985923662,0.2062478650027239,0.13079400103625052,0.0,signal
0.0,0.11,0.67,0.02,0.85,0.63,2.07,0.0,0.0,0.24,0.0,0.11,0.13,0.0,0.0,0.007333333333333334,0.45933333333333337,0.00044444444444444447,0.49199999999999994,0.37733333333333335,0.10088888888888888,0.0,0.02209483691231547,0.09656368600330797,0.0029814239699997194,0.15926821288745482,0.11875107655014408,0.4242256165501722,signal
0.0,0.15,0.65,0.12,0.76,0.68,2.41,0.0,0.0,0.31,0.0,0.28,0.18,0.0,0.0,0.009555555555555557,0.4744444444444445,0.007333333333333335,0.5162222222222224,0.3766666666666667,0.07466666666666667,0.0,0.028119514055315233,0.08170221860667265,0.025172134665863433,0.13297793543716682,0.09648363026488435,0.3735128085913763,signal
0.0,0.0,0.78,0.0,0.71,0.5,0.0,0.0,0.0,0.38,0.0,0.13,0.0,0.0,0.0,0.0,0.5906896551724138,0.0,0.40689655172413797,0.276551724137931,0.0,0.0,0.0,0.0941097776339176,0.0,0.1325600523826267,0.10701387967618851,0.0,signal
0.0,0.0,1.11,0.41,0.71,0.58,2.33,0.0,0.0,0.5,0.0,0.09,0.03,0.0,0.0,0.0,0.7277777777777777,0.048666666666666664,0.3964444444444444,0.29400000000000004,0.0708888888888889,0.0,0.0,0.12424113081366649,0.09262828941527529,0.15200412009301761,0.1391434838248241,0.3636170701952451,signal
0.0,0.28,0.83,0.46,0.79,0.79,0.0,0.0,0.0,0.46,0.0,0.13,0.12,0.0,0.0,0.028666666666666667,0.654,0.08666666666666667,0.4024444444444443,0.4928888888888889,0.0,0.0,0.07089044043772437,0.09218065267328457,0.1051622123630485,0.16220295305510926,0.15683839717455297,0.0,signal
0.0,0.11,0.78,0.22,1.0,0.84,0.0,0.0,0.0,0.37,0.0,0.12,0.22,0.0,0.0,0.004666666666666667,0.554,0.03577777777777778,0.41311111111111104,0.5242222222222223,0.0,0.0,0.019259000257258706,0.08233523491853842,0.06279435733512458,0.17166063537507292,0.15184455102758107,0.0,signal
0.0,0.0,0.74,0.19,0.65,0.67,2.44,0.0,0.0,0.43,0.0,0.08,0.24,0.0,0.0,0.0,0.5835555555555555,0.021333333333333336,0.3475555555555555,0.432888888888889,0.102,0.0,0.0,0.07631142996585992,0.04545727264545946,0.14913623356386657,0.09416190655708202,0.3998329196506507,signal
0.0,0.0,0.86,0.22,0.89,0.64,2.46,0.0,0.0,0.41,0.0,0.04,0.19,0.0,0.0,0.0,0.63,0.027333333333333334,0.4151111111111111,0.4259999999999999,0.08866666666666667,0.0,0.0,0.0997041076932595,0.04740540820700448,0.1982723359218809,0.1155107236265416,0.38819863706378693,signal
0.0,0.0,0.75,0.22,0.93,0.77,0.0,0.0,0.0,0.26,0.0,0.14,0.21,0.0,0.0,0.0,0.5780000000000001,0.02288888888888889,0.4546666666666666,0.46444444444444444,0.0,0.0,0.0,0.09801669616587129,0.0439329148828189,0.19053274593289016,0.12458212982088189,0.0,signal
0.17,0.0,1.42,0.0,1.32,0.07,0.08,0.0,0.0,0.98,0.0,0.5,0.0,0.0,0.023333333333333334,0.0,1.1944444444444442,0.0,0.9435555555555556,0.0022222222222222222,0.006222222222222223,0.04767312946227962,0.0,0.0960245128636801,0.0,0.18021648037285545,0.010636320469566213,0.01862169908380212,signal
0.15,0.0,1.44,0.0,1.04,0.05,0.98,0.0,0.0,1.01,0.0,0.46,0.0,0.0,0.018888888888888893,0.0,1.23,0.0,0.7017777777777777,0.0011111111111111111,0.058222222222222224,0.03920935777813426,0.0,0.0976310308345568,0.0,0.14284907625133103,0.007453559924999298,0.2161048660519081,signal
0.4,0.0,1.31,0.0,1.12,0.0,1.58,0.0,0.0,0.92,0.0,0.29,0.0,0.09,0.2091111111111111,0.0,1.104,0.0,0.7484444444444445,0.0,0.4442222222222222,0.0860977832631496,0.0,0.08483674161159613,0.0,0.22069060567759433,0.0,0.2621457686868206,signal
0.49,0.0,1.46,0.0,1.56,0.0,1.87,0.03,0.0,0.98,0.0,0.37,0.0,0.31,0.26466666666666666,0.0,1.244888888888889,0.0,0.9459999999999997,0.0,0.5853333333333334,0.09907756373853588,0.0,0.11504193350533735,0.0,0.2409583140107622,0.0,0.25686572367678806,signal
0.5,0.0,1.44,0.0,1.34,0.0,0.88,0.05,0.0,1.13,0.0,0.8,0.0,0.3,0.28977777777777775,0.0,1.2755555555555558,0.0,1.0746666666666667,0.0,0.6044444444444445,0.09203479798643577,0.0,0.07907291099058678,0.0,0.13886880662893827,0.0,0.12668062124089777,signal
0.44,0.0,1.36,0.0,1.58,0.0,1.85,0.0,0.0,0.88,0.0,0.65,0.0,0.38,0.2017777777777778,0.0,1.1486666666666667,0.0,1.0673333333333335,0.0,0.6073333333333334,0.10794124851655706,0.0,0.09962657549797918,0.0,0.19070920271449934,0.0,0.2482978416777282,signal
0.0,0.0,0.0,0.0,0.31,0.12,1.24,0.0,0.0,0.0,0.0,0.0,0.0,0.82,0.0,0.0,0.0,0.0,0.13633333333333333,0.015333333333333334,1.0723333333333334,0.0,0.0,0.0,0.0,0.10283845159490093,0.02921186973360886,0.11361408768079877,signal
0.0,0.1,0.0,0.16,0.42,0.19,0.92,0.0,0.0,0.0,0.0,0.0,0.0,0.59,0.0,0.009333333333333334,0.0,0.011555555555555557,0.08044444444444444,0.03933333333333333,0.7875555555555555,0.0,0.023874672772626643,0.0,0.03522367202190979,0.11704613611648176,0.05228418846684305,0.07505015158229365,signal
0.0,0.0,0.0,0.1,0.68,0.26,1.11,0.0,0.0,0.0,0.0,0.03,0.0,0.42,0.0,0.0,0.0,0.008888888888888889,0.41044444444444445,0.06977777777777777,0.7944444444444446,0.0,0.0,0.0,0.02604386354369928,0.15022642842715722,0.07747400997897438,0.12823195523516884,signal
0.0,0.03,0.0,0.01,0.83,0.24,0.84,0.0,0.0,0.0,0.0,0.18,0.0,0.55,0.0,0.0007894736842105263,0.0,0.0002631578947368421,0.4715789473684212,0.037894736842105266,0.6771052631578947,0.0,0.004866642633922875,0.0,0.0016222142113076258,0.14408192706571538,0.05775801780012146,0.07370165918176533,signal
0.0,0.0,0.51,0.39,0.0,0.06,1.13,0.0,0.0,0.06,0.0,0.0,0.0,0.37,0.0,0.0,0.27422222222222226,0.05777777777777778,0.0,0.0022222222222222222,0.8073333333333335,0.0,0.0,0.112986099082403,0.08620506441800929,0.0,0.009744203145947592,0.20366416206365545,signal
0.0,0.0,0.46,0.27,0.0,0.13,0.99,0.0,0.0,0.06,0.0,0.0,0.0,0.47,0.0,0.0,0.20888888888888898,0.05244444444444445,0.0,0.007555555555555556,0.7993333333333335,0.0,0.0,0.0849925724621709,0.07049034606872695,0.0,0.023755913670987998,0.1301991481608777,signal
0.0,0.0,0.41,0.46,0.0,0.3,0.95,0.0,0.0,0.09,0.0,0.0,0.0,0.37,0.0,0.0,0.2546666666666667,0.2524444444444444,0.0,0.05533333333333333,0.7100000000000001,0.0,0.0,0.08513625442889662,0.11314020978726826,0.0,0.07044017448742004,0.11407732624687679,signal
0.0,0.6,0.43,0.48,0.13,0.4,1.02,0.0,0.0,0.0,0.0,0.0,0.0,0.69,0.0,0.04644444444444444,0.13644444444444442,0.19977777777777783,0.011111111111111112,0.18288888888888893,0.8684444444444446,0.0,0.13499420114743577,0.10821181996343089,0.13439238494540207,0.030318178032195782,0.09827193769013481,0.07888298455640007,signal
0.0,0.0,0.3,1.58,0.03,0.87,0.96,0.0,0.0,0.0,0.23,0.0,0.19,0.54,0.0,0.0,0.07342105263157894,0.9344736842105265,0.001842105263157895,0.48315789473684206,0.7550000000000001,0.0,0.0,0.08957184390467599,0.3590430025319262,0.006516201495853711,0.2119294281206746,0.1039945424763476,signal
0.94,1.45,0.17,1.05,0.89,0.9,0.12,0.4,0.43,0.0,0.56,0.0,0.45,0.0,0.609111111111111,0.9435555555555557,0.013555555555555555,0.8295555555555554,0.3953333333333333,0.6742222222222222,0.008,0.12486032600510465,0.23788992446427018,0.03574884330967644,0.1275459909130028,0.22969940831838945,0.10594786215374756,0.024918047493916753,signal
0.94,1.45,0.17,1.06,0.83,0.9,0.0,0.17,0.43,0.0,0.53,0.0,0.52,0.0,0.521111111111111,0.8759999999999997,0.011555555555555557,0.8035555555555557,0.3048888888888889,0.6859999999999999,0.0,0.1537740701368883,0.19672777684358198,0.03463810011819326,0.12817168095168213,0.23512687312310024,0.08478314583796603,0.0,signal
1.04,1.7,0.03,1.69,1.52,1.25,0.0,0.25,0.44,0.0,0.17,0.0,0.55,0.0,0.5853333333333334,1.2366666666666668,0.0006666666666666666,0.9482222222222223,0.9206666666666666,0.8142222222222224,0.0,0.180876653099187,0.3209078032423303,0.004472135954999578,0.3303117596844814,0.36110562544395886,0.1861876971925336,0.0,signal
0.76,1.25,0.0,1.06,0.78,1.28,0.0,0.19,0.45,0.0,0.16,0.0,0.62,0.0,0.48911111111111116,0.8455555555555555,0.0,0.6077777777777778,0.30511111111111106,1.0051111111111113,0.0,0.1362287885444293,0.18466869050417087,0.0,0.2139763037952067,0.1853206339664782,0.13542227261123602,0.0,signal
0.82,1.13,0.0,0.5,0.47,0.99,0.0,0.07,0.41,0.0,0.0,0.0,0.58,0.0,0.4617777777777778,0.7528888888888888,0.0,0.2411111111111111,0.16266666666666668,0.7888888888888888,0.0,0.1375646771669254,0.18290114347053243,0.0,0.13600170824833285,0.1362551083279249,0.11846023924856933,0.0,signal
0.68,1.77,0.16,2.16,1.68,1.42,0.58,0.0,0.6,0.0,0.0,0.58,0.06,0.0,0.3199999999999999,1.3139473684210525,0.013947368421052632,1.0989473684210527,0.9623684210526315,0.836578947368421,0.08921052631578946,0.1714958040618219,0.2836112630104826,0.03838210968978876,0.8220041082085944,0.2300932150769913,0.44033326639121184,0.15776105056505926,signal
0.65,1.4,0.0,2.02,1.25,1.4,0.0,0.04,0.8,0.0,1.37,0.51,0.72,0.0,0.32911111111111113,1.1224444444444444,0.0,1.6757777777777778,0.869111111111111,1.0328888888888887,0.0,0.14659502382448394,0.1564544016574152,0.0,0.1640466797326698,0.17774882971385908,0.14523683201494506,0.0,signal
0.78,1.4,0.0,1.69,1.33,1.38,0.0,0.13,0.71,0.0,1.07,0.69,0.81,0.0,0.4037777777777778,1.0364444444444447,0.0,1.3951111111111107,0.9359999999999999,1.0933333333333333,0.0,0.16730876313637078,0.18164845613481448,0.0,0.14649887095783087,0.16286357927586348,0.13833424607219874,0.0,signal
0.78,1.4,0.0,1.65,1.33,1.4,0.0,0.23,0.71,0.0,1.14,0.72,0.82,0.0,0.4677777777777778,0.995777777777778,0.0,1.3817777777777778,0.9973333333333334,1.0944444444444443,0.0,0.14588116098836454,0.14877513368853143,0.0,0.12508704040294374,0.15721149622548136,0.13627438156420696,0.0,signal
0.6,1.51,0.0,1.65,1.43,1.4,0.0,0.18,0.75,0.0,1.03,0.72,0.86,0.0,0.43066666666666664,0.9866666666666668,0.0,1.3946666666666667,1.013777777777778,1.0557777777777777,0.0,0.10994626786836294,0.14485102064472374,0.0,0.14487612263271993,0.1546592866577851,0.1147029540891065,0.0,signal
0.63,1.55,0.05,1.7,1.2,1.35,0.0,0.08,0.71,0.0,1.08,0.66,0.82,0.0,0.4208888888888889,1.0626666666666664,0.002,1.3491111111111111,0.9528888888888887,1.0511111111111113,0.0,0.12234121847265432,0.19144664578367046,0.00943879807448539,0.1350222577985204,0.14408996908848024,0.11115554667022046,0.0,signal
0.77,1.47,0.0,1.53,1.37,1.4,0.0,0.03,0.59,0.0,1.04,0.6,0.77,0.0,0.4375555555555556,1.0273333333333332,0.0,1.3035555555555554,0.9346666666666668,1.0486666666666669,0.0,0.163403509970585,0.16728310244503583,0.0,0.12126521564427502,0.15602447360474053,0.13403866470673165,0.0,signal
0.71,1.29,0.0,1.62,1.37,1.34,0.0,0.12,0.41,0.0,0.98,0.68,0.7,0.0,0.4473333333333334,0.913111111111111,0.0,1.2608888888888887,1.004,1.0382222222222222,0.0,0.133457517925777,0.19680195654771857,0.0,0.1431595140556382,0.1517234326002414,0.14283316537594878,0.0,signal
0.84,1.59,0.07,1.61,1.32,1.69,0.11,0.0,0.53,0.0,0.52,0.62,0.6,0.0,0.4380000000000001,1.0395555555555556,0.002,1.170222222222222,0.962,1.0815555555555556,0.016,0.2008911962413304,0.21701440626200955,0.010787197799411872,0.27184127127365476,0.16400665174980503,0.21584880604420092,0.03608071759012259,signal
0.58,1.5,0.0,1.53,1.25,1.63,0.15,0.02,0.74,0.0,0.81,0.0,0.99,0.0,0.26999999999999996,1.0602222222222222,0.0,1.2482222222222223,0.9424444444444444,1.325777777777778,0.006888888888888889,0.13050600822114736,0.17564800659905658,0.0,0.16321052897309282,0.23731601060377047,0.1297635767794101,0.025389889023909987,signal
0.07,0.0,0.87,0.45,0.74,0.09,1.63,0.0,0.0,0.08,0.0,0.0,0.0,0.0,0.004222222222222223,0.0,0.5502222222222224,0.06555555555555556,0.32888888888888895,0.0035555555555555557,0.18133333333333335,0.016023971941053712,0.0,0.19747829442163198,0.11504061645498703,0.21314977898845752,0.016808487514504464,0.44905253792644556,signal
0.0,0.0,1.07,0.86,1.3,0.19,0.0,0.0,0.0,0.49,0.05,0.0,0.0,0.0,0.0,0.0,0.809111111111111,0.4502222222222222,0.5426666666666667,0.014888888888888889,0.0,0.0,0.0,0.1416754008002772,0.22089167325440612,0.31767192911155145,0.038941811032162425,0.0,signal
0.0,0.0,1.0,0.73,1.31,0.24,0.03,0.0,0.0,0.29,0.0,0.27,0.0,0.0,0.0,0.0,0.5995555555555556,0.24955555555555556,0.8384444444444443,0.00911111111111111,0.0008888888888888889,0.0,0.0,0.15737846040033496,0.2072213962666671,0.24311384870949546,0.03734496572024755,0.004681793664739179,signal
0.17,0.0,1.11,0.24,1.02,0.0,0.6,0.0,0.0,0.46,0.0,0.33,0.0,0.0,0.006888888888888889,0.0,0.782888888888889,0.03266666666666667,0.7104444444444442,0.0,0.1906666666666667,0.03073510150701417,0.0,0.1371399786253948,0.06012864995536275,0.15613158138913058,0.0,0.10404107580444108,signal
0.03,0.0,1.54,1.19,1.73,0.17,0.3,0.0,0.0,0.54,0.06,0.0,0.0,0.0,0.0006666666666666666,0.0,0.9213333333333332,0.5688888888888889,0.4880000000000001,0.027111111111111117,0.0071111111111111115,0.004472135954999578,0.0,0.20585299255890002,0.2651862314935249,0.3327611756199933,0.053962201511050245,0.044752969542012334,signal
0.0,0.0,2.2,1.34,1.1,0.37,0.23,0.0,0.0,0.7,0.18,0.0,0.0,0.0,0.0,0.0,1.1257777777777775,0.6537777777777778,0.4362222222222221,0.052000000000000005,0.007555555555555555,0.0,0.0,0.3502498386794054,0.23264574013731784,0.23434908779317865,0.08685410965312097,0.036565977452691,signal
0.0,0.0,1.93,1.33,0.81,0.38,0.9,0.0,0.0,0.68,0.36,0.0,0.0,0.0,0.0,0.0,1.0288888888888887,0.7673333333333333,0.30844444444444447,0.11999999999999998,0.02088888888888889,0.0,0.0,0.2215464472358523,0.22705025474951174,0.2313297091673146,0.1258787295195441,0.13416106707682346,signal
0.0,0.72,0.0,0.0,0.32,0.12,2.34,0.0,0.0,0.0,0.0,0.0,0.0,0.0,0.0,0.0945945945945946,0.0,0.0,0.031621621621621625,0.011891891891891892,0.44351351351351354,0.0,0.1833877888003481,0.0,0.0,0.09314008307423324,0.03107677212591046,0.4816938643775514,signal
0.0,0.0,0.17,0.0,0.0,0.05,0.51,0.0,0.0,0.0,0.0,0.0,0.0,0.0,0.0,0.0,0.02466666666666667,0.0,0.0,0.0011111111111111111,0.21466666666666667,0.0,0.0,0.041098551179949254,0.0,0.0,0.007453559924999298,0.14784205331120345,signal
0.0,0.0,0.09,0.0,0.0,0.0,0.48,0.0,0.0,0.0,0.0,0.0,0.0,0.24,0.0,0.0,0.01782608695652174,0.0,0.0,0.0,0.3721739130434782,0.0,0.0,0.0307418166108893,0.0,0.0,0.0,0.05791502566371233,signal
0.0,0.0,0.0,0.0,0.0,0.0,2.21,0.0,0.0,0.0,0.0,0.0,0.0,0.0,0.0,0.0,0.0,0.0,0.0,0.0,0.5579999999999999,0.0,0.0,0.0,0.0,0.0,0.0,0.6413820305332143,signal
0.0,0.0,0.05,0.0,0.0,0.0,0.0,0.0,0.0,0.0,0.0,0.0,0.0,0.0,0.0,0.0,0.0031111111111111114,0.0,0.0,0.0,0.0,0.0,0.0,0.01062206584560098,0.0,0.0,0.0,0.0,signal
0.0,0.35,0.73,0.0,1.11,0.59,0.0,0.0,0.0,0.32,0.0,0.19,0.14,0.0,0.0,0.028888888888888884,0.5308888888888889,0.0,0.5248888888888887,0.3915555555555555,0.0,0.0,0.07240109938336015,0.11192168979453734,0.0,0.1824781708267672,0.11014361607290803,0.0,signal
0.0,0.03,0.81,0.28,0.81,0.54,2.19,0.0,0.0,0.29,0.0,0.19,0.13,0.0,0.0,0.0006666666666666666,0.49044444444444446,0.009111111111111111,0.47288888888888886,0.3577777777777778,0.09266666666666666,0.0,0.004472135954999578,0.10619355303911207,0.04257732122654362,0.15795025428369158,0.10405175479907908,0.37875033753360293,signal
0.0,0.05,0.68,0.08,0.81,0.61,0.0,0.0,0.0,0.29,0.0,0.0,0.13,0.0,0.0,0.0013333333333333335,0.46733333333333343,0.004,0.37266666666666665,0.3531111111111111,0.0,0.0,0.007567874686642694,0.08459529322819112,0.01572490786213793,0.17160207669860153,0.12357960669916049,0.0,signal
0.0,0.15,0.72,0.11,0.74,0.69,2.34,0.0,0.0,0.28,0.0,0.01,0.15,0.0,0.0,0.004888888888888889,0.5277777777777778,0.008222222222222223,0.484888888888889,0.4315555555555556,0.08866666666666666,0.0,0.024459820691959868,0.08735738738832069,0.025520837198515476,0.15978141634777498,0.12098000502629191,0.3929237723898757,signal
0.0,0.0,0.94,0.04,0.93,0.52,2.49,0.0,0.0,0.43,0.0,0.08,0.0,0.0,0.0,0.0,0.6313333333333333,0.0008888888888888889,0.42666666666666664,0.2828888888888889,0.3166666666666667,0.0,0.0,0.09566988696934511,0.0059628479399994406,0.18530073835892732,0.1409806921374539,0.6876375895378716,signal
0.0,0.0,1.27,0.22,1.07,0.0,0.0,0.0,0.0,0.89,0.0,0.33,0.0,0.0,0.0,0.0,1.0913333333333333,0.02377777777777778,0.7671111111111112,0.0,0.0,0.0,0.0,0.10152473948389487,0.05453476326198184,0.13914711348755746,0.0,0.0,signal
0.13,0.0,1.42,0.17,1.36,0.04,1.0,0.0,0.0,1.12,0.0,0.46,0.0,0.0,0.008222222222222223,0.0,1.274,0.00977777777777778,0.9064444444444444,0.0017777777777777779,0.034666666666666665,0.023959140302615287,0.0,0.0861130335399616,0.03414467141236808,0.17358722663988052,0.008336363085599707,0.16564748989674097,signal
0.21,0.0,1.33,0.0,1.24,0.0,0.88,0.0,0.0,1.0,0.0,0.63,0.0,0.0,0.01688888888888889,0.0,1.1399999999999997,0.0,0.9348888888888891,0.0,0.032,0.044915183817655,0.0,0.09057894597833126,0.0,0.15207088990189924,0.0,0.14623455629414497,signal
0.46,0.0,1.9,0.83,1.15,0.28,1.67,0.0,0.0,1.0,0.0,0.01,0.0,0.33,0.15155555555555555,0.0,1.286,0.11844444444444445,0.6248888888888888,0.029555555555555557,0.5737777777777777,0.12802619681419533,0.0,0.21357774824511694,0.23785935068243733,0.26911996498876767,0.07734090871987583,0.23339674463034052,signal
0.46,0.0,1.43,0.0,1.31,0.0,1.65,0.0,0.0,1.09,0.0,0.62,0.0,0.35,0.246,0.0,1.2295555555555553,0.0,0.8502222222222222,0.0,0.626,0.11517575502446054,0.0,0.07763421093223467,0.0,0.16763717434454156,0.0,0.2342046502139063,signal
0.37,0.0,1.34,0.0,1.29,0.0,1.71,0.0,0.0,1.02,0.0,0.53,0.0,0.35,0.17555555555555558,0.0,1.1906666666666665,0.0,0.9557777777777777,0.0,0.578,0.10872307515291807,0.0,0.08244557433405825,0.0,0.16325508329672994,0.0,0.21071954648946847,signal
0.38,0.0,1.59,0.08,1.37,0.22,1.79,0.0,0.0,1.02,0.0,0.25,0.0,0.23,0.09777777777777778,0.0,1.259111111111111,0.0024444444444444444,0.8488888888888888,0.01288888888888889,0.5715555555555555,0.09981548633920147,0.0,0.11403393080016745,0.012641122568742846,0.2740622210559146,0.045308148084293655,0.2783470328691699,signal
0.0,0.18,0.0,0.0,0.64,0.15,1.13,0.0,0.0,0.0,0.0,0.03,0.0,0.52,0.0,0.012666666666666668,0.0,0.0,0.32222222222222224,0.05244444444444443,0.9568888888888889,0.0,0.03393844695648553,0.0,0.0,0.1555764776694742,0.04941271255068033,0.0981840160621932,signal
0.0,0.1,0.09,0.01,0.31,0.13,1.14,0.0,0.0,0.0,0.0,0.0,0.0,0.81,0.0,0.0035555555555555557,0.005555555555555555,0.00022222222222222223,0.10888888888888888,0.04911111111111112,0.967111111111111,0.0,0.017209346767428916,0.016453178133937246,0.0014907119849998601,0.10768688242522693,0.03679317020504449,0.08792099299997136,signal
0.0,0.24,0.0,0.33,0.34,0.29,0.86,0.0,0.0,0.0,0.0,0.0,0.0,0.57,0.0,0.019333333333333334,0.0,0.10799999999999998,0.11777777777777777,0.1573333333333333,0.7164444444444447,0.0,0.04840172799319537,0.0,0.09514582109965353,0.10051885596265214,0.07909717843490777,0.07622203080342312,signal
0.76,1.67,0.0,1.13,1.32,1.25,0.0,0.09,0.44,0.0,0.0,0.0,0.31,0.0,0.3964444444444444,0.9017777777777776,0.0,0.3577777777777778,0.3166666666666667,0.6366666666666667,0.0,0.16106401262111955,0.2855480288282109,0.0,0.33058411726194376,0.38420520085448656,0.19715015043915596,0.0,signal
0.62,1.35,0.0,1.06,0.84,1.28,0.0,0.12,0.55,0.0,0.0,0.0,0.31,0.0,0.4162222222222222,0.9248888888888886,0.0,0.6124444444444445,0.37711111111111106,0.9242222222222223,0.0,0.12210816533059549,0.18786627524315633,0.0,0.3187843069277946,0.22931342408294914,0.2585579668511922,0.0,signal
0.63,1.49,0.0,1.78,1.39,1.58,0.0,0.1,0.73,0.0,1.0,0.64,0.99,0.0,0.35377777777777775,1.075777777777778,0.0,1.3657777777777778,0.9953333333333333,1.3848888888888888,0.0,0.1250143426115014,0.17512967778307606,0.0,0.1599074858798175,0.16592166826548002,0.1312981032581656,0.0,signal
0.69,1.39,0.01,1.63,1.37,1.58,0.0,0.1,0.73,0.0,1.0,0.72,0.78,0.0,0.4526666666666666,1.0013333333333336,0.00022222222222222223,1.3184444444444443,0.9946666666666665,1.2893333333333332,0.0,0.14460604790571205,0.1435206668678132,0.0014907119849998601,0.14960486677115875,0.14407384470219686,0.170685782546867,0.0,signal
0.0,0.0,1.17,0.98,1.52,0.32,0.1,0.0,0.0,0.39,0.19,0.06,0.0,0.0,0.0,0.0,0.8291111111111114,0.6142222222222221,0.7293333333333334,0.07911111111111112,0.008222222222222223,0.0,0.0,0.17730074888605396,0.18577220763966046,0.276811389676338,0.08540870251119885,0.02113687954187365,signal
0.14,0.0,1.61,1.12,1.46,0.37,0.0,0.0,0.0,0.31,0.0,0.0,0.0,0.0,0.0031111111111111114,0.0,0.8220000000000001,0.5571111111111111,0.33799999999999997,0.05266666666666666,0.0,0.020869967789998035,0.0,0.26640365817854134,0.24480625198327965,0.26902686584327323,0.08197560612767679,0.0,signal
0.0,0.0,0.11,0.0,0.0,0.0,2.27,0.0,0.0,0.0,0.0,0.0,0.0,0.0,0.0,0.0,0.007777777777777778,0.0,0.0,0.0,0.3577777777777778,0.0,0.0,0.02305023061301408,0.0,0.0,0.0,0.4918743783125972,signal
2.78,0.42,0.0,0.93,0.13,1.62,0.0,1.48,0.0,0.0,0.37,0.0,0.65,0.0,2.2608888888888887,0.026666666666666665,0.0,0.6562222222222223,0.002888888888888889,1.2566666666666666,0.0,0.3222423017080486,0.07830592686264674,0.0,0.14013449528105765,0.01937925580499818,0.2053378590607109,0.0,neutral
2.52,0.4,0.0,1.05,0.0,1.67,0.0,1.07,0.0,0.0,0.48,0.0,0.79,0.0,1.8313333333333333,0.11977777777777779,0.0,0.720888888888889,0.0,1.3397777777777777,0.0,0.36682049114965315,0.12454442232116672,0.0,0.13498858911744796,0.0,0.19515132693384485,0.0,neutral
2.14,0.58,0.0,1.3,0.0,1.85,0.0,0.89,0.0,0.0,0.68,0.0,0.76,0.0,1.483111111111111,0.10533333333333333,0.0,0.9653333333333335,0.0,1.5460000000000003,0.0,0.32110478481063287,0.144373253629737,0.0,0.1515765633119268,0.0,0.22402718990823817,0.0,neutral
1.39,0.79,0.0,1.42,0.0,1.71,0.0,0.67,0.0,0.0,0.5,0.0,0.96,0.0,1.0724444444444445,0.2668888888888888,0.0,0.8642222222222224,0.0,1.4684444444444444,0.0,0.1878727271749724,0.18551920045476086,0.0,0.1856987894522751,0.0,0.13697968587872564,0.0,neutral
1.2,1.45,0.0,1.68,0.0,1.8,0.0,0.48,0.06,0.0,0.55,0.0,0.77,0.0,0.8057777777777779,0.9437777777777779,0.0,0.8975555555555558,0.0,1.1355555555555557,0.0,0.1814648587178657,0.3073071375150222,0.0,0.22668716484854343,0.0,0.23428377854407437,0.0,neutral
1.37,1.57,0.8,1.99,0.43,1.26,0.86,0.0,0.26,0.0,0.29,0.0,0.0,0.0,0.5997777777777779,0.9633333333333334,0.034666666666666665,0.742,0.012444444444444445,0.43133333333333335,0.01911111111111111,0.3589282587781226,0.25670109961870935,0.1390323703315167,0.26264043862284425,0.06654306724204856,0.33816080091093836,0.12820123070998796,neutral
2.18,1.38,0.0,1.2,0.0,1.62,0.0,0.98,0.66,0.0,0.55,0.0,0.45,0.0,1.8088888888888888,0.996,0.0,0.8477777777777777,0.0,1.2744444444444443,0.0,0.24635729985514776,0.1866133581889181,0.0,0.13022513527958363,0.0,0.24385684656404796,0.0,neutral
1.75,1.67,0.53,2.04,1.24,1.26,0.68,0.47,0.63,0.0,0.33,0.0,0.0,0.0,1.3802222222222225,1.306888888888889,0.01688888888888889,0.7820000000000001,0.16,0.801111111111111,0.044444444444444446,0.25935662433386697,0.19422131497834935,0.08540870251119888,0.4042422765889513,0.3663269776380857,0.3241297595255656,0.14909660619812234,neutral
1.67,1.95,0.06,1.8,1.26,1.6,0.0,0.91,0.94,0.0,0.36,0.0,0.0,0.0,1.3433333333333333,1.4297777777777776,0.0013333333333333333,0.7964444444444445,0.15955555555555556,0.7344444444444443,0.0,0.18931695405036786,0.25648399638971703,0.008944271909999156,0.2568971810202705,0.3006353541445453,0.35175246691359247,0.0,neutral
1.62,2.11,0.06,2.08,1.53,1.22,0.12,0.9,0.9,0.0,0.46,0.0,0.2,0.0,1.214222222222222,1.4973333333333336,0.0013333333333333333,0.8397777777777777,0.2717777777777778,0.7013333333333334,0.0026666666666666666,0.14467029739893034,0.24093001624387264,0.008944271909999156,0.35322210942388443,0.4071145075064535,0.2041234029609629,0.017888543819998316,neutral
1.54,2.1,1.0,2.98,1.65,1.33,1.06,0.21,0.42,0.0,0.41,0.0,0.0,0.0,0.9820000000000003,1.315777777777778,0.1631111111111111,1.141777777777778,0.4353333333333334,0.7546666666666668,0.12977777777777777,0.3134601613080564,0.39629241320983777,0.31143233777194845,0.6663001265089619,0.534286269879564,0.3646205998269733,0.2737906374062362,neutral
1.58,2.39,1.12,2.77,1.14,1.41,0.8,0.27,0.37,0.0,0.69,0.0,0.0,0.0,1.022,1.6593333333333338,0.11733333333333332,1.2884444444444445,0.24977777777777774,0.7724444444444446,0.06755555555555556,0.280847742639058,0.485776791241709,0.2899012371010639,0.4585102138029382,0.3183871920168963,0.2839426603091447,0.17282618114420306,neutral
1.29,2.69,1.12,2.3,1.13,1.31,0.94,0.14,0.34,0.0,0.41,0.0,0.0,0.0,0.8308888888888889,1.8262222222222224,0.08355555555555555,1.0993333333333335,0.1608888888888889,0.7704444444444444,0.042222222222222223,0.2693242572728189,0.5015806329127266,0.2635436444410158,0.42857268398084525,0.27902282590092403,0.2818603422357472,0.1635666237471459,neutral
0.0,0.45,0.87,0.24,1.05,0.81,0.0,0.0,0.08,0.51,0.0,0.15,0.09,0.0,0.0,0.25363636363636366,0.6736363636363637,0.034545454545454546,0.7436363636363637,0.4709090909090909,0.0,0.0,0.11664242172320731,0.11164880001797846,0.07312504856253244,0.2312692252450692,0.1967462602162768,0.0,neutral
0.0,0.22,0.74,0.12,0.88,0.67,2.45,0.0,0.0,0.24,0.0,0.0,0.15,0.0,0.0,0.02888888888888889,0.48244444444444456,0.006222222222222223,0.5022222222222222,0.39044444444444454,0.08333333333333333,0.0,0.05761242851322897,0.10819081534609361,0.02102908039411667,0.1953073206383967,0.1257153269666966,0.3917559537170141,neutral
0.0,0.18,0.64,0.0,0.81,0.53,0.0,0.0,0.0,0.3,0.0,0.0,0.11,0.0,0.0,0.0051111111111111105,0.45444444444444443,0.0,0.46533333333333343,0.3131111111111112,0.0,0.0,0.02735475878677836,0.07892906929514613,0.0,0.1729897527180571,0.10273138456059752,0.0,neutral
0.0,0.1,0.6,0.08,0.72,0.49,2.03,0.0,0.0,0.28,0.0,0.0,0.14,0.0,0.0,0.003333333333333334,0.4424444444444445,0.0017777777777777779,0.3882222222222222,0.3144444444444444,0.062444444444444434,0.0,0.016514456476895412,0.07860012594124642,0.011925695879998881,0.17019092071832004,0.0863016789986139,0.3108065428376743,neutral
0.0,0.08,0.79,0.07,0.91,0.66,2.33,0.0,0.0,0.44,0.0,0.08,0.24,0.0,0.0,0.003777777777777778,0.5873333333333334,0.00688888888888889,0.5224444444444445,0.4306666666666667,0.10222222222222221,0.0,0.015268638221246618,0.08296768264593368,0.017165269139936743,0.18404736983568754,0.11615819933490394,0.4227286303877406,neutral
0.0,0.15,0.69,0.1,0.85,0.55,0.0,0.0,0.0,0.32,0.0,0.35,0.12,0.0,0.0,0.006666666666666668,0.5297777777777778,0.002888888888888889,0.6144444444444443,0.4011111111111112,0.0,0.0,0.02931025262755183,0.093017322162177,0.015465830698411233,0.11873491398059711,0.10254095018404338,0.0,neutral
0.0,0.33,0.77,0.53,0.85,0.78,0.0,0.0,0.0,0.26,0.0,0.0,0.0,0.0,0.0,0.04,0.5477777777777777,0.11666666666666667,0.2544444444444445,0.3944444444444445,0.0,0.0,0.10920164833920779,0.19194906731850625,0.2039607805437114,0.33682751932966787,0.260437665820015,0.0,neutral
0.0,0.0,0.8,0.1,0.82,0.71,2.53,0.0,0.0,0.45,0.0,0.01,0.2,0.0,0.0,0.0,0.6180000000000001,0.009111111111111111,0.3915555555555556,0.45666666666666667,0.12311111111111112,0.0,0.0,0.08454692080839976,0.023819608253993964,0.17101243383231676,0.12469963913339925,0.4905044815948641,neutral
0.0,0.04,0.96,0.17,0.92,0.64,2.5,0.0,0.0,0.34,0.0,0.0,0.06,0.0,0.0,0.0008888888888888889,0.5888888888888889,0.025333333333333336,0.5102222222222221,0.3691111111111111,0.3897777777777778,0.0,0.0059628479399994406,0.13082295847689146,0.048645283803917076,0.19163754719508777,0.1180682049075915,0.6832192809476222,neutral
0.11,0.0,1.35,0.2,1.31,0.0,1.1,0.0,0.0,1.01,0.0,0.31,0.0,0.0,0.002888888888888889,0.0,1.1857777777777776,0.0044444444444444444,0.7242222222222223,0.0,0.027111111111111117,0.016599866130651647,0.0,0.06936362974436339,0.02981423969999719,0.2393978135474782,0.0,0.164173165538185,neutral
0.04,0.0,1.33,0.09,1.15,0.0,1.04,0.0,0.0,0.94,0.0,0.37,0.0,0.0,0.0013043478260869564,0.0,1.1482608695652172,0.004130434782608695,0.7680434782608697,0.0,0.02608695652173913,0.006534930298760795,0.0,0.08241640472694704,0.017071885524520096,0.16870249376036556,0.0,0.15440895571133412,neutral
0.72,0.0,1.48,0.02,1.56,0.03,1.26,0.0,0.0,0.91,0.0,0.31,0.0,0.0,0.12333333333333331,0.0,1.2453333333333334,0.0006666666666666666,1.0195555555555555,0.0006666666666666666,0.07200000000000001,0.1950640920313116,0.0,0.1274683561445029,0.0033028912953790824,0.24834868774984642,0.004472135954999579,0.23015409857508315,neutral
0.4,0.0,1.42,0.0,1.27,0.05,0.11,0.0,0.0,0.87,0.0,0.76,0.0,0.0,0.19333333333333336,0.0,1.1815555555555552,0.0,1.022888888888889,0.002,0.013555555555555559,0.10202495238465396,0.0,0.12546197460070152,0.0,0.1293448917047017,0.008146387933534492,0.025150054722112482,neutral
0.29,0.0,1.38,0.0,1.32,0.02,1.02,0.0,0.0,1.05,0.0,0.61,0.0,0.0,0.08155555555555556,0.0,1.1804444444444444,0.0,1.0744444444444445,0.00044444444444444447,0.04933333333333334,0.0768692974398029,0.0,0.08287327553548125,0.0,0.13359633152890013,0.0029814239699997203,0.20160041486248803,neutral
0.27,0.0,1.42,0.02,1.41,0.0,0.77,0.0,0.0,1.0,0.0,0.6,0.0,0.0,0.02711111111111111,0.0,1.1442222222222225,0.0008888888888888889,0.908444444444444,0.0,0.02488888888888889,0.06122322131579511,0.0,0.08593043933345389,0.003581659228386032,0.1596723286147369,0.0,0.1208797716407472,neutral
0.39,0.0,1.41,0.0,1.52,0.0,1.01,0.0,0.0,1.02,0.0,0.65,0.0,0.0,0.12911111111111112,0.0,1.2122222222222223,0.0,0.9773333333333333,0.0,0.07155555555555557,0.09711338785672191,0.0,0.08756527147035388,0.0,0.15927962832704,0.0,0.18150827123096214,neutral
0.38,0.0,1.43,0.0,1.17,0.0,0.8,0.0,0.0,1.08,0.0,0.5,0.0,0.0,0.11399999999999998,0.0,1.2362222222222221,0.0,0.8922222222222224,0.0,0.11488888888888887,0.10023608495583178,0.0,0.0839450277072304,0.0,0.16090495343650563,0.0,0.1841889126835694,neutral
0.42,0.0,1.42,0.0,1.24,0.0,0.41,0.0,0.0,1.02,0.0,0.57,0.0,0.0,0.18911111111111115,0.0,1.2253333333333334,0.0,0.8906666666666666,0.0,0.05488888888888889,0.11182011166931186,0.0,0.10648516755441062,0.0,0.17691035223319387,0.0,0.12074808905362026,neutral
0.0,0.0,1.28,1.31,0.89,0.53,1.53,0.0,0.0,0.6,0.0,0.0,0.0,0.09,0.0,0.0,0.9723076923076922,0.4123076923076923,0.48615384615384616,0.15923076923076926,0.5961538461538461,0.0,0.0,0.1879341128407261,0.5118618603711006,0.2798671846173485,0.19089532639911758,0.37061971663549464,neutral
0.19,0.0,1.83,0.67,1.1,0.58,1.6,0.0,0.0,0.89,0.0,0.01,0.0,0.06,0.018444444444444447,0.0,1.2644444444444445,0.1511111111111111,0.5162222222222222,0.043333333333333335,0.4904444444444445,0.04577392844461272,0.0,0.2470328976578879,0.23316227496026554,0.25503376682749723,0.10766108438479098,0.24994504446482882,neutral
0.52,0.0,1.35,0.0,1.35,0.0,0.63,0.16,0.0,1.07,0.0,0.7,0.0,0.33,0.31777777777777777,0.0,1.2220000000000002,0.0,1.0148888888888887,0.0,0.4955555555555554,0.09790739801393245,0.0,0.07085837347067102,0.0,0.18291356903568895,0.0,0.06228802436903889,neutral
0.69,0.0,1.44,0.0,1.42,0.0,0.79,0.18,0.0,1.13,0.0,0.47,0.0,0.41,0.41222222222222216,0.0,1.2822222222222224,0.0,0.9648888888888889,0.0,0.6204444444444446,0.1085626942639993,0.0,0.08042186747195548,0.0,0.20243542429649267,0.0,0.07507437389789952,neutral
0.57,0.0,1.51,0.63,1.35,0.14,1.7,0.0,0.0,1.16,0.0,0.74,0.0,0.39,0.23355555555555554,0.0,1.2999999999999998,0.06888888888888889,1.0924444444444446,0.005111111111111111,0.6026666666666666,0.14956232442994755,0.0,0.08772373991944568,0.15896286333352178,0.1323245932538543,0.024552561634751734,0.23340756395003764,neutral
0.33,0.0,1.57,0.53,1.58,0.02,0.52,0.0,0.0,1.07,0.0,0.64,0.0,0.18,0.132,0.0,1.2833333333333334,0.08022222222222222,1.2046666666666666,0.00044444444444444447,0.37177777777777776,0.1124843423447338,0.0,0.11904926405789862,0.14627944752314578,0.1782312083681296,0.0029814239699997203,0.09279226282618631,neutral
0.6,0.0,1.39,0.08,1.58,0.0,1.32,0.02,0.0,0.97,0.0,0.83,0.0,0.0,0.25555555555555554,0.0,1.1535555555555554,0.003333333333333334,1.2197777777777778,0.0,0.35266666666666663,0.11545474429315576,0.0,0.09874566861744909,0.015666989036012807,0.15433860191282034,0.0,0.23264682558450148,neutral
0.0,0.16,0.07,0.0,0.63,0.2,1.14,0.0,0.0,0.0,0.0,0.0,0.0,0.66,0.0,0.02933333333333334,0.0015555555555555557,0.0,0.2648888888888889,0.07288888888888888,0.9904444444444446,0.0,0.04706861529145026,0.010434983894999018,0.0,0.13327385036802677,0.05798205922454973,0.08439505466865493,neutral
0.0,0.26,0.01,0.45,0.63,0.31,1.07,0.0,0.0,0.0,0.0,0.0,0.0,0.55,0.0,0.016444444444444446,0.00022222222222222223,0.076,0.10533333333333333,0.10266666666666667,0.8173333333333332,0.0,0.05494441635770544,0.0014907119849998601,0.12115729820811831,0.18267706230096073,0.08448776135146331,0.11840608092492547,neutral
0.0,0.09,0.0,0.28,0.51,0.31,0.83,0.0,0.0,0.0,0.0,0.0,0.0,0.4,0.0,0.006888888888888889,0.0,0.12022222222222223,0.07733333333333332,0.11177777777777777,0.6413333333333334,0.0,0.01868667758570044,0.0,0.09566724738499705,0.1291651515062649,0.07097659309713848,0.09822515878420263,neutral
0.0,0.0,0.0,0.0,0.97,0.24,0.93,0.0,0.0,0.0,0.0,0.03,0.0,0.48,0.0,0.0,0.0,0.0,0.3895555555555556,0.09400000000000001,0.7311111111111109,0.0,0.0,0.0,0.0,0.20800956660206713,0.06952435805986534,0.09525616711655668,neutral
0.0,0.0,0.41,0.14,0.0,0.01,0.97,0.0,0.0,0.0,0.0,0.0,0.0,0.43,0.0,0.0,0.17200000000000001,0.01377777777777778,0.0,0.00022222222222222223,0.8408888888888888,0.0,0.0,0.09488270270564214,0.030843364461633098,0.0,0.0014907119849998601,0.08839020467692267,neutral
0.0,0.44,0.34,0.44,0.0,0.19,1.35,0.0,0.0,0.0,0.0,0.0,0.0,0.38,0.0,0.024888888888888887,0.1368888888888889,0.17044444444444443,0.0,0.08,0.7471111111111114,0.0,0.09614435695212369,0.10072063574385572,0.1374269319171523,0.0,0.05612486080160912,0.18615270151901714,neutral
0.0,0.04,0.31,0.47,0.0,0.3,0.86,0.0,0.0,0.0,0.0,0.0,0.0,0.32,0.0,0.0008695652173913044,0.10760869565217392,0.21521739130434783,0.0,0.17260869565217393,0.7269565217391305,0.0,0.005897678246195886,0.07899886870100513,0.10763599419514279,0.0,0.0711316395489907,0.08376871771510443,neutral
0.98,1.55,0.22,1.38,0.92,0.78,0.13,0.55,0.81,0.0,0.65,0.0,0.46,0.0,0.7433333333333334,1.1880952380952383,0.03809523809523809,0.8904761904761903,0.44,0.6480952380952381,0.018095238095238095,0.12088562087086012,0.21544417020701784,0.06281871119491769,0.17130312870686837,0.2687749988373175,0.1100735684721381,0.031244047052046187,neutral
0.76,1.13,0.0,0.48,0.59,0.88,0.0,0.17,0.27,0.0,0.0,0.0,0.35,0.0,0.45239130434782604,0.7415217391304346,0.0,0.1915217391304348,0.16195652173913044,0.6393478260869565,0.0,0.12978931273599953,0.22306917104894564,0.0,0.1204061163323589,0.1432886684705992,0.11712106127921264,0.0,neutral
0.74,1.29,0.0,0.64,0.66,0.75,0.33,0.03,0.54,0.0,0.0,0.0,0.3,0.0,0.4106521739130436,0.8619565217391304,0.0,0.225,0.11695652173913047,0.57,0.011521739130434782,0.1668852190234426,0.188333269206094,0.0,0.14122873487911572,0.15263419691416746,0.11286176402031725,0.05557646949341651,neutral
1.11,2.39,0.01,1.7,1.21,1.49,1.09,0.0,0.0,0.0,0.0,0.0,0.08,0.0,0.6768888888888889,1.0448888888888892,0.00022222222222222223,0.74,0.46288888888888885,0.8402222222222223,0.08955555555555554,0.24762345150929008,0.552369368441009,0.0014907119849998601,0.5611230621789581,0.48479903156885634,0.47510041469188813,0.20252896039327264,neutral
1.26,2.09,0.0,0.16,0.07,0.46,0.1,0.43,1.27,0.0,0.0,0.0,0.06,0.0,0.7722222222222223,1.7055555555555553,0.0,0.026,0.0015555555555555557,0.29822222222222217,0.008,0.15562029677287204,0.213855894083711,0.0,0.0504254625435134,0.010434983894999018,0.09259611441113717,0.02170043987823959,neutral
1.12,2.37,0.0,0.96,0.57,0.95,0.09,0.27,1.35,0.0,0.0,0.0,0.01,0.0,0.704,1.874888888888889,0.0,0.37955555555555553,0.05644444444444444,0.47288888888888897,0.002888888888888889,0.20251150360142284,0.26850276976920995,0.0,0.2948956329677236,0.13031701827668268,0.2493411520407534,0.014557444553189684,neutral
0.8,1.93,0.0,0.74,0.6,0.68,0.38,0.0,1.21,0.0,0.0,0.0,0.0,0.0,0.27999999999999997,1.6026666666666667,0.0,0.27066666666666667,0.058444444444444445,0.3266666666666667,0.11844444444444445,0.2117674539334469,0.19415785517787512,0.0,0.20781766483670683,0.10685494746608507,0.2046504780884183,0.1269028897793247,neutral
0.71,1.44,0.08,1.8,1.27,1.23,0.0,0.19,0.79,0.0,1.08,0.59,0.77,0.0,0.4368888888888889,1.130888888888889,0.002,1.4737777777777776,0.9231111111111111,1.0444444444444443,0.0,0.13524089991604243,0.15962772347249113,0.01198483890740145,0.16184011314325697,0.16363515712237592,0.11215969855432911,0.0,neutral
0.79,1.29,0.0,1.68,1.4,1.46,0.0,0.0,0.43,0.0,1.1,0.6,0.8,0.0,0.3731111111111111,0.9100000000000003,0.0,1.3275555555555554,0.982,1.0833333333333333,0.0,0.18731138661479058,0.19784061537234737,0.0,0.15495095346527554,0.1507948636694596,0.14898138992993232,0.0,neutral
0.67,1.44,0.0,1.5,1.27,1.65,0.07,0.01,0.53,0.0,0.91,0.66,0.82,0.0,0.42733333333333334,0.9379999999999998,0.0,1.252,0.9457777777777777,1.196,0.002666666666666667,0.1739566299136342,0.16811251643413758,0.0,0.1487309957302414,0.1498103177792882,0.17455658108475888,0.01115999348321739,neutral
0.0,0.0,1.0,0.31,1.22,0.0,0.0,0.0,0.0,0.54,0.0,0.26,0.0,0.0,0.0,0.0,0.7534782608695652,0.04369565217391304,0.6367391304347826,0.0,0.0,0.0,0.0,0.10750126389550234,0.07355598610437794,0.2059239810957873,0.0,0.0,neutral
0.0,0.0,1.09,0.53,1.29,0.24,0.0,0.0,0.0,0.3,0.0,0.14,0.0,0.0,0.0,0.0,0.7533333333333333,0.25533333333333336,0.6286666666666666,0.027999999999999994,0.0,0.0,0.0,0.1958431654527302,0.15466385838620827,0.3083357084265607,0.05643177699262584,0.0,neutral
0.0,0.0,1.34,0.55,1.06,0.21,0.0,0.0,0.0,0.73,0.0,0.0,0.0,0.0,0.0,0.0,0.9742222222222221,0.25622222222222224,0.5575555555555556,0.010222222222222223,0.0,0.0,0.0,0.14498415099728676,0.14915350373614317,0.26879491637809494,0.03589687811754469,0.0,neutral
0.0,0.0,0.95,0.72,1.27,0.07,0.0,0.0,0.0,0.47,0.0,0.08,0.0,0.0,0.0,0.0,0.706,0.2357777777777778,0.724888888888889,0.007111111111111112,0.0,0.0,0.0,0.14120262681048756,0.17918361442042538,0.24504751136929104,0.017916754756654482,0.0,neutral
0.0,0.0,0.89,0.82,1.48,0.2,0.0,0.0,0.0,0.31,0.0,0.31,0.0,0.0,0.0,0.0,0.611086956521739,0.29086956521739127,0.7956521739130433,0.017608695652173913,0.0,0.0,0.0,0.15274129560024857,0.22483402359129548,0.24159334219959183,0.04497825561602928,0.0,neutral
0.0,0.0,1.01,0.79,1.12,0.26,0.09,0.0,0.0,0.46,0.0,0.26,0.0,0.0,0.0,0.0,0.6866666666666666,0.2308888888888889,0.7151111111111111,0.011777777777777778,0.003777777777777778,0.0,0.0,0.146349519364369,0.21568940444982268,0.1981920810983653,0.044989336559238174,0.015563490039905,neutral
0.18,0.0,0.8,0.28,1.42,0.0,0.01,0.0,0.0,0.36,0.0,0.05,0.0,0.0,0.003913043478260869,0.0,0.5802173913043479,0.061956521739130424,0.47869565217391297,0.0,0.0002173913043478261,0.026539552107881483,0.0,0.10577731599785535,0.08603925629146503,0.21438914458061922,0.0,0.0014744195615489714,neutral
0.02,0.0,1.01,0.52,0.96,0.0,1.28,0.0,0.0,0.36,0.0,0.1,0.0,0.0,0.0004347826086956522,0.0,0.766086956521739,0.09369565217391304,0.6365217391304349,0.0,0.17369565217391306,0.002948839123097943,0.0,0.14900377714630167,0.12120430310755241,0.1700616540657384,0.0,0.2637790211155473,neutral
0.15,0.0,1.09,0.23,0.86,0.0,0.32,0.0,0.0,0.53,0.0,0.16,0.0,0.0,0.01,0.0,0.8147826086956521,0.03304347826086956,0.5806521739130434,0.0,0.1373913043478261,0.03293090409394259,0.0,0.13048182726486018,0.05788377493707701,0.1688313053371197,0.0,0.08600865027836045,neutral
0.25,0.0,1.1,0.12,1.13,0.0,1.2,0.0,0.0,0.5,0.0,0.21,0.0,0.0,0.026521739130434784,0.0,0.8315217391304348,0.021086956521739135,0.6499999999999998,0.0,0.2426086956521739,0.066306272245772,0.0,0.12461438103747359,0.03683164465930321,0.1886325057412487,0.0,0.25660548866225413,neutral
0.42,0.0,0.95,0.86,1.16,0.0,1.34,0.0,0.0,0.17,0.0,0.0,0.0,0.0,0.04394736842105263,0.0,0.6478947368421054,0.4313157894736842,0.40578947368421053,0.0,0.09578947368421054,0.10683504520886167,0.0,0.22770485751013889,0.22631204304021377,0.2832307012957322,0.0,0.3247088640192757,neutral
0.57,0.0,0.86,0.97,0.92,0.13,0.02,0.0,0.0,0.0,0.0,0.0,0.0,0.0,0.0748888888888889,0.0,0.5366666666666666,0.28711111111111115,0.49688888888888894,0.005777777777777778,0.00044444444444444447,0.14711810688605728,0.0,0.25963260756132095,0.31311936601516266,0.20084845284467842,0.02709318002819906,0.0029814239699997203,neutral
0.23,0.0,0.72,0.72,1.55,0.43,0.0,0.0,0.0,0.0,0.0,0.21,0.0,0.0,0.021521739130434783,0.0,0.3232608695652173,0.22347826086956524,0.7997826086956522,0.08695652173913043,0.0,0.058536499204602535,0.0,0.21485968907716999,0.20371240502569463,0.22295479492424056,0.09612190327836354,0.0,neutral
0.58,0.0,1.11,0.92,1.37,0.25,0.75,0.0,0.0,0.0,0.0,0.14,0.0,0.0,0.029999999999999995,0.0,0.6088888888888889,0.31888888888888894,0.7475555555555555,0.02022222222222222,0.061777777777777786,0.09988629899677295,0.0,0.26882084455013244,0.27246536245433794,0.3070916028243894,0.05598250087340153,0.1898718334332745,neutral
0.09,0.0,1.6,1.07,1.44,0.29,0.0,0.0,0.0,0.42,0.0,0.08,0.0,0.0,0.002173913043478261,0.0,0.8315217391304348,0.5319565217391304,0.6565217391304348,0.04239130434782609,0.0,0.01331883269464055,0.0,0.31443753939944075,0.23381492743162288,0.31236885170725365,0.07837756999461562,0.0,neutral
0.18,0.0,1.31,1.25,1.17,0.25,0.0,0.0,0.0,0.87,0.1,0.0,0.0,0.0,0.004,0.0,1.0373333333333332,0.5937777777777778,0.4506666666666666,0.05288888888888889,0.0,0.02683281572999748,0.0,0.11570731099710954,0.2565088062362922,0.28519849546970233,0.07835299559807474,0.0,neutral
0.0,0.0,0.0,0.0,0.0,0.0,2.24,0.0,0.0,0.0,0.0,0.0,0.0,0.0,0.0,0.0,0.0,0.0,0.0,0.0,0.23711111111111108,0.0,0.0,0.0,0.0,0.0,0.0,0.4798656167105642,neutral
0.0,0.0,0.07,0.0,0.0,0.0,0.28,0.0,0.0,0.0,0.0,0.0,0.0,0.0,0.0,0.0,0.0031111111111111114,0.0,0.0,0.0,0.074,0.0,0.0,0.012760418599257738,0.0,0.0,0.0,0.08968125374194583,neutral
0.0,0.0,0.03,0.0,0.0,0.0,2.27,0.0,0.0,0.0,0.0,0.0,0.0,0.0,0.0,0.0,0.0006666666666666666,0.0,0.0,0.0,0.40955555555555556,0.0,0.0,0.004472135954999579,0.0,0.0,0.0,0.5359356964292179,neutral
0.0,0.0,0.15,0.0,0.0,0.0,2.31,0.0,0.0,0.0,0.0,0.0,0.0,0.0,0.0,0.0,0.024,0.0,0.0,0.0,0.31888888888888883,0.0,0.0,0.039565825474196105,0.0,0.0,0.0,0.4896205498427153,neutral
0.0,0.0,0.16,0.0,0.0,0.02,0.62,0.0,0.0,0.0,0.0,0.0,0.0,0.01,0.0,0.0,0.023555555555555555,0.0,0.0,0.0013333333333333333,0.20555555555555555,0.0,0.0,0.039147480794110526,0.0,0.0,0.005045249791095131,0.12237341429106456,neutral
0.0,0.0,0.1,0.0,0.0,0.01,0.36,0.0,0.0,0.0,0.0,0.0,0.0,0.06,0.0,0.0,0.005333333333333334,0.0,0.0,0.00022222222222222223,0.20600000000000002,0.0,0.0,0.019140627898886615,0.0,0.0,0.00149071198499986,0.08613942186943212,neutral
0.0,0.0,0.08,0.0,0.0,0.01,2.2,0.0,0.0,0.0,0.0,0.0,0.0,0.0,0.0,0.0,0.004,0.0,0.0,0.00044444444444444447,0.2602222222222223,0.0,0.0,0.015868780098614445,0.0,0.0,0.002084090771399927,0.4387662915332702,neutral
0.0,0.0,0.11,0.0,0.0,0.14,0.33,0.0,0.0,0.0,0.0,0.0,0.0,0.0,0.0,0.0,0.018666666666666668,0.0,0.0,0.0031111111111111114,0.17622222222222222,0.0,0.0,0.028730724763822883,0.0,0.0,0.020869967789998035,0.10647852726102465,neutral
0.0,0.0,0.08,0.0,0.0,0.01,2.31,0.0,0.0,0.0,0.0,0.0,0.0,0.0,0.0,0.0,0.012173913043478262,0.0,0.0,0.0002173913043478261,0.3771739130434783,0.0,0.0,0.0219000805151499,0.0,0.0,0.0014744195615489714,0.49148601446578205,neutral
0.0,0.0,0.06,0.0,0.0,0.14,0.52,0.0,0.0,0.0,0.0,0.0,0.0,0.1,0.0,0.0,0.010222222222222221,0.0,0.0,0.006,0.3784444444444444,0.0,0.0,0.01840070266554673,0.0,0.0,0.02368351939448804,0.0785075432263317,neutral
0.0,0.0,0.0,0.0,0.0,0.0,2.09,0.0,0.0,0.0,0.0,0.0,0.0,2.02,0.0,0.0,0.0,0.0,0.0,0.0,2.0549999999999997,0.0,0.0,0.0,0.0,0.0,0.0,0.049497474683058214,neutral
0.0,0.0,0.03,0.0,0.0,0.0,2.0,0.0,0.0,0.0,0.0,0.0,0.0,0.0,0.0,0.0,0.0011111111111111111,0.0,0.0,0.0,0.35688888888888887,0.0,0.0,0.005318160234783104,0.0,0.0,0.0,0.6057370499956014,neutral
0.0,0.0,0.0,0.0,0.0,0.0,0.08,0.0,0.0,0.0,0.0,0.0,0.0,0.0,0.0,0.0,0.0,0.0,0.0,0.0,0.0035555555555555557,0.0,0.0,0.0,0.0,0.0,0.0,0.016672726171199415,neutral
0.0,0.0,0.01,0.0,0.0,0.0,2.18,0.0,0.0,0.0,0.0,0.0,0.0,0.0,0.0,0.0,0.00022222222222222223,0.0,0.0,0.0,0.17044444444444445,0.0,0.0,0.0014907119849998601,0.0,0.0,0.0,0.5281526791802277,neutral
0.0,0.0,0.08,0.0,0.0,0.0,2.03,0.0,0.0,0.0,0.0,0.0,0.0,0.0,0.0,0.0,0.0035555555555555557,0.0,0.0,0.0,0.13933333333333334,0.0,0.0,0.014484404709824279,0.0,0.0,0.0,0.4799640138025502,neutral
0.0,0.0,0.0,0.0,0.0,0.0,2.0,0.0,0.0,0.0,0.0,0.0,0.0,0.0,0.0,0.0,0.0,0.0,0.0,0.0,0.1537777777777778,0.0,0.0,0.0,0.0,0.0,0.0,0.4717052666505417,neutral
0.0,0.0,0.0,0.0,0.0,0.0,1.84,0.0,0.0,0.0,0.0,0.0,0.0,0.0,0.0,0.0,0.0,0.0,0.0,0.0,0.1802222222222222,0.0,0.0,0.0,0.0,0.0,0.0,0.471397771087071,neutral
0.0,0.0,0.01,0.0,0.0,0.0,0.09,0.0,0.0,0.0,0.0,0.0,0.0,0.0,0.0,0.0,0.00022222222222222223,0.0,0.0,0.0,0.002,0.0,0.0,0.0014907119849998601,0.0,0.0,0.0,0.01341640786499874,neutral
0.0,0.0,0.05,0.0,0.0,0.0,0.1,0.0,0.0,0.0,0.0,0.0,0.0,0.0,0.0,0.0,0.0011111111111111111,0.0,0.0,0.0,0.0022222222222222222,0.0,0.0,0.007453559924999298,0.0,0.0,0.0,0.014907119849998596,neutral
0.0,0.0,0.1,0.0,0.0,0.0,0.0,0.0,0.0,0.0,0.0,0.0,0.0,0.0,0.0,0.0,0.006,0.0,0.0,0.0,0.0,0.0,0.0,0.018512894768978532,0.0,0.0,0.0,0.0,neutral
0.0,0.0,0.14,0.0,0.0,0.0,0.0,0.0,0.0,0.0,0.0,0.0,0.0,0.0,0.0,0.0,0.007333333333333334,0.0,0.0,0.0,0.0,0.0,0.0,0.02425246004391757,0.0,0.0,0.0,0.0,neutral
0.0,0.0,0.03,0.0,0.0,0.0,1.99,0.0,0.0,0.0,0.0,0.0,0.0,0.0,0.0,0.0,0.0008888888888888889,0.0,0.0,0.0,0.21066666666666672,0.0,0.0,0.0046817936647391796,0.0,0.0,0.0,0.4613340339809008,neutral
0.0,0.73,0.06,0.0,0.0,0.0,2.41,0.0,0.0,0.0,0.0,0.0,0.0,0.0,0.0,0.11422222222222224,0.0015555555555555555,0.0,0.0,0.0,0.48400000000000004,0.0,0.21332315316619452,0.009034166348709858,0.0,0.0,0.0,0.6284917009649518,neutral
